Room,Tag Number,Description,Manufacturer,Model,Serial Number
,,,,,0JDB91FH400201
,,,,,0JDB91FH400207
,,,,,0JDB91FH400215
,,,,,0JDB91FH400216
,,,,,0JDB91FH400219
,,,,,0JDB91FH400223
,,,,,0JDB91FH400228
,,,,,0JDB91FH400229
,,,,,0JDB91FH400237
,,,,,0JDB91FH400239
,,,,,0JDB91FH400241
,,,,,0JDB91FH400243
,,,,,0JDB91FH400245
,,,,,0JDB91FH400246
,,,,,0JDB91FH400247
,,,,,0JDB91FH400249
,,,,,0JDB91FH400253
,,,,,0JDB91FH400259
,,,,,0JDB91FH400260
,,,,,0JDB91FH400269
,,,,,0JDB91FH400271
,,,,,0JDB91FH400275
,,,,,0JDB91FH400281
,,,,,0JDB91FH400286
,,,,,0JDB91FH400297
,,,,,0JDB91FH400301
,,,,,0JDB91FH400304
,,,,,0JDB91FH400337
,,,,,0JDB91FH400355
,,,,,0JDB91FH400360
,,,,,0JDB91FH400381
,,,,,0JDB91FH400411
,,,,,0JDB91FH400461
,,,,,0JDB91FH400474
,,,,,0JDB91FH400490
Offsite,V1704C3829,Chromebook,Acer,C738T,NXG55AA0056420DE2F7600
Offsite,V1704C3827,Chromebook,Acer,C738T,NXG55AA0056420E02A7600
Offsite,V1704C3831,Chromebook,Acer,C738T,NXG55AA0056420E0337600
Offsite,#N/A,Chromebook,Acer,C738T,NXG55AA0056420E0367600
Offsite,V1704C3830,Chromebook,Acer,C738T,NXG55AA0056420E0507600
Offsite,V1807C11245,Chromebook,Acer,C738T,NXG55AA0106501AF4C7600
Offsite,V1807C11345,Chromebook,Acer,C738T,NXG55AA0106501B3EB7600
Offsite,V1807C11356,Chromebook,Acer,C738T,NXG55AA0106501B6117600
Offsite,V1807C11352,Chromebook,Acer,C738T,NXG55AA0106501B6307600
Offsite,V1807C11373,Chromebook,Acer,C738T,NXG55AA0106501B6617600
Offsite,V1807C12076,Chromebook,Acer,C738T,NXG55AA0106501B66F7600
Offsite,V1807C12234,Chromebook,Acer,C738T,NXG55AA0106501C97B7600
Offsite,V1807C12262,Chromebook,Acer,C738T,NXG55AA0106501CB787600
Offsite,V1807C11329,Chromebook,Acer,C738T,NXG55AA0106501CB7A7600
Offsite,V1807C11357,Chromebook,Acer,C738T,NXG55AA0106501CB7B7600
Offsite,V1807C11363,Chromebook,Acer,C738T,NXG55AA0106501CB8B7600
Offsite,V1807C11328,Chromebook,Acer,C738T,NXG55AA0106501CB997600
Offsite,V1807C11330,Chromebook,Acer,C738T,NXG55AA0106501CB9C7600
Offsite,V1807C11347,Chromebook,Acer,C738T,NXG55AA0106501CBA57600
Offsite,V1807C11332,Chromebook,Acer,C738T,NXG55AA0106501CBAE7600
Offsite,V1807C11279,Chromebook,Acer,C738T,NXG55AA0106501CBB57600
Offsite,V1807C11360,Chromebook,Acer,C738T,NXG55AA0106501CBB77600
Offsite,V1807C11361,Chromebook,Acer,C738T,NXG55AA0106501CBB87600
Offsite,V1807C11284,Chromebook,Acer,C738T,NXG55AA0106501CBB97600
Offsite,V1807C12026,Chromebook,Acer,C738T,NXG55AA0106501CBBC7600
Offsite,V1807C11372,Chromebook,Acer,C738T,NXG55AA0106501CBBF7600
Offsite,V1807C11281,Chromebook,Acer,C738T,NXG55AA0106501CBC07600
Offsite,V1807C11280,Chromebook,Acer,C738T,NXG55AA0106501CBC27600
Offsite,V1807C11305,Chromebook,Acer,C738T,NXG55AA0106501CBCA7600
Offsite,V1807C11367,Chromebook,Acer,C738T,NXG55AA0106501CBFF7600
Offsite,V1807C12295,Chromebook,Acer,C738T,NXG55AA0106501CC077600
Offsite,V1807C11364,Chromebook,Acer,C738T,NXG55AA0106501CC087600
Offsite,V1807C11348,Chromebook,Acer,C738T,NXG55AA0106501CC0B7600
Offsite,V1807C11327,Chromebook,Acer,C738T,NXG55AA0106501CC237600
Offsite,V1807C12232,Chromebook,Acer,C738T,NXG55AA0106501CC287600
Offsite,V1807C11263,Chromebook,Acer,C738T,NXG55AA010650246A97600
Offsite,V1807C12136,Chromebook,Acer,C738T,NXG55AA010650246AC7600
Offsite,V1807C12296,Chromebook,Acer,C738T,NXG55AA010650246AF7600
Offsite,V1807C12141,Chromebook,Acer,C738T,NXG55AA010650246B07600
Offsite,V1807C11247,Chromebook,Acer,C738T,NXG55AA010650246B17600
Offsite,V1807C11276,Chromebook,Acer,C738T,NXG55AA010650246B77600
Offsite,V1807C12294,Chromebook,Acer,C738T,NXG55AA010650246B97600
Offsite,V1807C12189,Chromebook,Acer,C738T,NXG55AA010650246BA7600
Offsite,V1807C12730,Chromebook,Acer,C738T,NXG55AA010650246BB7600
Offsite,V1807C11333,Chromebook,Acer,C738T,NXG55AA010650246BC7600
Offsite,V1807C11264,Chromebook,Acer,C738T,NXG55AA010650246BF7600
Offsite,V1807C11331,Chromebook,Acer,C738T,NXG55AA010650246C07600
Offsite,V1807C11321,Chromebook,Acer,C738T,NXG55AA010650246C17600
Offsite,V1807C11290,Chromebook,Acer,C738T,NXG55AA010650246C27600
Offsite,V1807C11291,Chromebook,Acer,C738T,NXG55AA010650246C37600
Offsite,V1807C11249,Chromebook,Acer,C738T,NXG55AA010650246C47600
Offsite,V1807C12140,Chromebook,Acer,C738T,NXG55AA010650246C57600
Offsite,V1807C11274,Chromebook,Acer,C738T,NXG55AA010650246C67600
Offsite,V1807C11282,Chromebook,Acer,C738T,NXG55AA010650246C77600
Offsite,V1807C11374,Chromebook,Acer,C738T,NXG55AA010650246C97600
Offsite,V1807C11365,Chromebook,Acer,C738T,NXG55AA010650246CC7600
Offsite,V1807C11283,Chromebook,Acer,C738T,NXG55AA010650246CD7600
Offsite,V1807C11262,Chromebook,Acer,C738T,NXG55AA010650246CE7600
Offsite,V1807C11250,Chromebook,Acer,C738T,NXG55AA010650246CF7600
Offsite,V1807C11248,Chromebook,Acer,C738T,NXG55AA010650246D07600
Offsite,V1807C11246,Chromebook,Acer,C738T,NXG55AA010650246D17600
Offsite,V1807C11275,Chromebook,Acer,C738T,NXG55AA010650246D27600
Offsite,V1807C12078,Chromebook,Acer,C738T,NXG55AA010650246D37600
Offsite,V1807C12230,Chromebook,Acer,C738T,NXG55AA010650246D47600
Offsite,V1807C12291,Chromebook,Acer,C738T,NXG55AA010650246D57600
Offsite,V1807C12247,Chromebook,Acer,C738T,NXG55AA010650246D67600
Offsite,V1807C12261,Chromebook,Acer,C738T,NXG55AA010650246D87600
Offsite,V1807C11277,Chromebook,Acer,C738T,NXG55AA010650246D97600
Offsite,V1807C11278,Chromebook,Acer,C738T,NXG55AA010650246DC7600
Offsite,V1807C12137,Chromebook,Acer,C738T,NXG55AA010650246DD7600
Offsite,V1807C12138,Chromebook,Acer,C738T,NXG55AA010650246DF7600
Offsite,V1807C12233,Chromebook,Acer,C738T,NXG55AA010650246E17600
Offsite,V1807C12231,Chromebook,Acer,C738T,NXG55AA010650246E27600
Offsite,V1807C12077,Chromebook,Acer,C738T,NXG55AA010650246E37600
Offsite,V1807C12263,Chromebook,Acer,C738T,NXG55AA010650246E47600
Offsite,V1807C12264,Chromebook,Acer,C738T,NXG55AA010650246E57600
Offsite,V1807C12265,Chromebook,Acer,C738T,NXG55AA010650246E77600
Offsite,V1807C12260,Chromebook,Acer,C738T,NXG55AA010650246E97600
Offsite,V1807C12218,Chromebook,Acer,C738T,NXG55AA010650246EB7600
Offsite,V1807C12216,Chromebook,Acer,C738T,NXG55AA010650246EC7600
Offsite,V1807C12217,Chromebook,Acer,C738T,NXG55AA010650246F17600
Offsite,V1807C11404,Chromebook,Acer,C738T,NXG55AA010716017F57600
Offsite,V1807C11436,Chromebook,Acer,C738T,NXG55AA010716018787600
Offsite,V1807C11484,Chromebook,Acer,C738T,NXG55AA010716018797600
Offsite,V1807C11449,Chromebook,Acer,C738T,NXG55AA010716018857600
Offsite,V1807C11403,Chromebook,Acer,C738T,NXG55AA010716018957600
Offsite,V1807C11482,Chromebook,Acer,C738T,NXG55AA010716018B17600
Offsite,V1807C11480,Chromebook,Acer,C738T,NXG55AA010716018B47600
Offsite,V1807C11481,Chromebook,Acer,C738T,NXG55AA010716018D47600
Offsite,V1807C11457,Chromebook,Acer,C738T,NXG55AA01071601C127600
Offsite,V1807C11417,Chromebook,Acer,C738T,NXG55AA01071601C9A7600
Offsite,V1807C11414,Chromebook,Acer,C738T,NXG55AA01071601D3D7600
Offsite,V1807C11475,Chromebook,Acer,C738T,NXG55AA01071601D3E7600
Offsite,V1807C11458,Chromebook,Acer,C738T,NXG55AA01071601D607600
Offsite,V1807C11399,Chromebook,Acer,C738T,NXG55AA01071601D6A7600
Offsite,V1807C11397,Chromebook,Acer,C738T,NXG55AA01071601DE57600
Offsite,V1807C12706,Chromebook,Acer,C738T,NXG55AA01071601DF07600
Offsite,V1807C12703,Chromebook,Acer,C738T,NXG55AA01071601E0C7600
Offsite,V1807C11416,Chromebook,Acer,C738T,NXG55AA01071601E2A7600
Offsite,V1807C12729,Chromebook,Acer,C738T,NXG55AA01071601E427600
Offsite,V1807C12705,Chromebook,Acer,C738T,NXG55AA01071601E437600
Offsite,V1807C11402,Chromebook,Acer,C738T,NXG55AA01071601E447600
Offsite,V1807C11524,Chromebook,Acer,C738T,NXG55AA01071601E677600
Offsite,V1807C11410,Chromebook,Acer,C738T,NXG55AA01071601E7A7600
Offsite,V1807C11411,Chromebook,Acer,C738T,NXG55AA01071601EAB7600
Offsite,V1807C11398,Chromebook,Acer,C738T,NXG55AA01071601EC67600
Offsite,V1807C11437,Chromebook,Acer,C738T,NXG55AA01071601ED07600
Offsite,V1807C11522,Chromebook,Acer,C738T,NXG55AA01071601ED67600
Offsite,V1807C11413,Chromebook,Acer,C738T,NXG55AA01071601ED77600
Offsite,V1807C11442,Chromebook,Acer,C738T,NXG55AA01071601EFF7600
Offsite,V1807C11450,Chromebook,Acer,C738T,NXG55AA01071601F117600
Offsite,V1807C11412,Chromebook,Acer,C738T,NXG55AA01071601F137600
Offsite,V1807C11408,Chromebook,Acer,C738T,NXG55AA01071601F2C7600
Offsite,V1807C11396,Chromebook,Acer,C738T,NXG55AA01071601F2F7600
Offsite,V1807C11438,Chromebook,Acer,C738T,NXG55AA01071601F317600
Offsite,V1807C11514,Chromebook,Acer,C738T,NXG55AA01071601F417600
Offsite,V1807C11523,Chromebook,Acer,C738T,NXG55AA01071601F487600
Offsite,V1807C11407,Chromebook,Acer,C738T,NXG55AA01071601F4E7600
Offsite,V1807C11420,Chromebook,Acer,C738T,NXG55AA01071601F507600
Offsite,V1807C11395,Chromebook,Acer,C738T,NXG55AA01071601F527600
Offsite,V1807C11435,Chromebook,Acer,C738T,NXG55AA01071601F537600
Offsite,V1807C11520,Chromebook,Acer,C738T,NXG55AA01071601F577600
Offsite,V1807C11440,Chromebook,Acer,C738T,NXG55AA01071601F587600
Offsite,V1807C11421,Chromebook,Acer,C738T,NXG55AA01071601F5B7600
Offsite,V1807C11476,Chromebook,Acer,C738T,NXG55AA01071601F5E7600
Offsite,V1807C11483,Chromebook,Acer,C738T,NXG55AA01071601F617600
Offsite,V1807C11423,Chromebook,Acer,C738T,NXG55AA01071601F627600
Offsite,V1807C11455,Chromebook,Acer,C738T,NXG55AA01071601F667600
Offsite,V1807C11419,Chromebook,Acer,C738T,NXG55AA01071601F677600
Offsite,V1807C11461,Chromebook,Acer,C738T,NXG55AA01071601F687600
Offsite,V1807C11441,Chromebook,Acer,C738T,NXG55AA01071601F6B7600
Offsite,V1807C11463,Chromebook,Acer,C738T,NXG55AA01071601F6C7600
Offsite,V1807C11542,Chromebook,Acer,C738T,NXG55AA01071601F737600
Offsite,V1807C11405,Chromebook,Acer,C738T,NXG55AA01071601F757600
Offsite,V1807C11422,Chromebook,Acer,C738T,NXG55AA01071601F767600
Offsite,V1807C11459,Chromebook,Acer,C738T,NXG55AA01071601F777600
Offsite,V1807C11456,Chromebook,Acer,C738T,NXG55AA01071601F787600
Offsite,V1807C11466,Chromebook,Acer,C738T,NXG55AA01071601F7B7600
Offsite,V1807C11409,Chromebook,Acer,C738T,NXG55AA01071601F7F7600
Offsite,V1807C11454,Chromebook,Acer,C738T,NXG55AA01071601F837600
Offsite,V1807C11400,Chromebook,Acer,C738T,NXG55AA01071601F887600
Offsite,V1807C11439,Chromebook,Acer,C738T,NXG55AA01071601F897600
Offsite,V1807C11418,Chromebook,Acer,C738T,NXG55AA01071601F8A7600
Offsite,V1807C11401,Chromebook,Acer,C738T,NXG55AA01071601F8F7600
Offsite,V1807C11460,Chromebook,Acer,C738T,NXG55AA01071601F917600
Offsite,V1807C11462,Chromebook,Acer,C738T,NXG55AA01071601F997600
Offsite,V1807C11465,Chromebook,Acer,C738T,NXG55AA01071601FA47600
Offsite,V1807C11424,Chromebook,Acer,C738T,NXG55AA01071601FAD7600
Offsite,V1807C12467,Chromebook,Acer,C738T,NXG55AA0107191FBA27600
Offsite,V1807C12499,Chromebook,Acer,C738T,NXG55AA0107191FC0F7600
Offsite,V1807C12514,Chromebook,Acer,C738T,NXG55AA0107191FC2D7600
Offsite,V1807C12495,Chromebook,Acer,C738T,NXG55AA0107191FC3A7600
Offsite,V1807C12533,Chromebook,Acer,C738T,NXG55AA0107191FC3F7600
Offsite,V1807C12586,Chromebook,Acer,C738T,NXG55AA0107191FC407600
Offsite,V1807C12482,Chromebook,Acer,C738T,NXG55AA0107191FC4A7600
Offsite,V1807C12588,Chromebook,Acer,C738T,NXG55AA0107191FC4D7600
Offsite,V1807C12532,Chromebook,Acer,C738T,NXG55AA0107191FC4F7600
Offsite,V1807C12573,Chromebook,Acer,C738T,NXG55AA0107191FC507600
Offsite,V1807C12471,Chromebook,Acer,C738T,NXG55AA0107191FC517600
Offsite,V1807C12472,Chromebook,Acer,C738T,NXG55AA0107191FC537600
Offsite,V1807C12583,Chromebook,Acer,C738T,NXG55AA0107191FC557600
Offsite,V1807C12520,Chromebook,Acer,C738T,NXG55AA0107191FC567600
Offsite,V1807C12567,Chromebook,Acer,C738T,NXG55AA0107191FC5B7600
Offsite,V1807C12584,Chromebook,Acer,C738T,NXG55AA0107191FC5D7600
Offsite,V1807C12565,Chromebook,Acer,C738T,NXG55AA0107191FC5E7600
Offsite,V1807C12544,Chromebook,Acer,C738T,NXG55AA0107191FC627600
Offsite,V1807C12545,Chromebook,Acer,C738T,NXG55AA0107191FC647600
Offsite,V1807C12470,Chromebook,Acer,C738T,NXG55AA0107191FC657600
Offsite,V1807C12542,Chromebook,Acer,C738T,NXG55AA0107191FC667600
Offsite,V1807C12581,Chromebook,Acer,C738T,NXG55AA0107191FC677600
Offsite,V1807C12570,Chromebook,Acer,C738T,NXG55AA0107191FC687600
Offsite,V1807C12455,Chromebook,Acer,C738T,NXG55AA0107191FC6B7600
Offsite,V1807C12451,Chromebook,Acer,C738T,NXG55AA0107191FC6C7600
Offsite,V1807C12491,Chromebook,Acer,C738T,NXG55AA0107191FC717600
Offsite,V1807C12537,Chromebook,Acer,C738T,NXG55AA0107191FC727600
Offsite,V1807C12497,Chromebook,Acer,C738T,NXG55AA0107191FC757600
Offsite,V1807C12527,Chromebook,Acer,C738T,NXG55AA0107191FC777600
Offsite,V1807C12557,Chromebook,Acer,C738T,NXG55AA0107191FC797600
Offsite,V1807C12582,Chromebook,Acer,C738T,NXG55AA0107191FC7A7600
Offsite,V1807C12525,Chromebook,Acer,C738T,NXG55AA0107191FC7C7600
Offsite,V1807C12543,Chromebook,Acer,C738T,NXG55AA0107191FC7F7600
Offsite,V1807C12526,Chromebook,Acer,C738T,NXG55AA0107191FC827600
Offsite,V1807C12466,Chromebook,Acer,C738T,NXG55AA0107191FC847600
Offsite,V1807C12566,Chromebook,Acer,C738T,NXG55AA0107191FC867600
Offsite,V1807C12485,Chromebook,Acer,C738T,NXG55AA0107191FC887600
Offsite,V1807C12463,Chromebook,Acer,C738T,NXG55AA0107191FC897600
Offsite,V1807C12547,Chromebook,Acer,C738T,NXG55AA0107191FC8B7600
Offsite,V1807C12450,Chromebook,Acer,C738T,NXG55AA0107191FC8E7600
Offsite,V1807C12449,Chromebook,Acer,C738T,NXG55AA0107191FC917600
Offsite,V1807C12555,Chromebook,Acer,C738T,NXG55AA0107191FC937600
Offsite,V1807C12546,Chromebook,Acer,C738T,NXG55AA0107191FC947600
Offsite,V1807C12484,Chromebook,Acer,C738T,NXG55AA0107191FC957600
Offsite,V1807C12587,Chromebook,Acer,C738T,NXG55AA0107191FC967600
Offsite,V1807C12511,Chromebook,Acer,C738T,NXG55AA0107191FC977600
Offsite,V1807C12510,Chromebook,Acer,C738T,NXG55AA0107191FC987600
Offsite,V1807C12453,Chromebook,Acer,C738T,NXG55AA0107191FC997600
Offsite,V1807C12512,Chromebook,Acer,C738T,NXG55AA0107191FC9B7600
Offsite,V1807C12536,Chromebook,Acer,C738T,NXG55AA0107191FC9D7600
Offsite,V1807C12458,Chromebook,Acer,C738T,NXG55AA0107191FCA37600
Offsite,V1807C12509,Chromebook,Acer,C738T,NXG55AA0107191FCA47600
Offsite,V1807C12521,Chromebook,Acer,C738T,NXG55AA0107191FCA77600
Offsite,V1807C12528,Chromebook,Acer,C738T,NXG55AA0107191FCA97600
Offsite,V1807C12513,Chromebook,Acer,C738T,NXG55AA0107191FCAC7600
Offsite,V1807C12462,Chromebook,Acer,C738T,NXG55AA0107191FCAF7600
Offsite,V1807C12452,Chromebook,Acer,C738T,NXG55AA0107191FCB17600
Offsite,V1807C12556,Chromebook,Acer,C738T,NXG55AA0107191FCB77600
Offsite,V1807C12464,Chromebook,Acer,C738T,NXG55AA0107191FCBF7600
Offsite,V1807C11336,Chromebook,Acer,C738T,NXG55AA01072000F467600
Offsite,V1807C11257,Chromebook,Acer,C738T,NXG55AA010720012D27600
Offsite,V1807C1386,Chromebook,Acer,C738T,NXG55AA010720031107600
Offsite,V1807C12535,Chromebook,Acer,C738T,NXG55AA010720034AF7600
Offsite,V1807C11358,Chromebook,Acer,C738T,NXG55AA010720070D37600
Offsite,V1807C12130,Chromebook,Acer,C738T,NXG55AA010720070DA7600
Offsite,V1807C5152,Chromebook,Acer,C738T,NXG55AA010720070E87600
Offsite,V1807C11378,Chromebook,Acer,C738T,NXG55AA010720072727600
Offsite,V1807C11255,Chromebook,Acer,C738T,NXG55AA010720073537600
Offsite,V1807C12288,Chromebook,Acer,C738T,NXG55AA0107200739E7600
Offsite,V1807C12276,Chromebook,Acer,C738T,NXG55AA010720073A37600
Offsite,V1807C12277,Chromebook,Acer,C738T,NXG55AA010720073B97600
Offsite,V1807C11303,Chromebook,Acer,C738T,NXG55AA010720073FF7600
Offsite,V1807C11359,Chromebook,Acer,C738T,NXG55AA010720074077600
Offsite,V1807C11366,Chromebook,Acer,C738T,NXG55AA010720074257600
Offsite,V1807C11384,Chromebook,Acer,C738T,NXG55AA010720074507600
Offsite,V1807C11258,Chromebook,Acer,C738T,NXG55AA0107200745E7600
Offsite,V1807C11308,Chromebook,Acer,C738T,NXG55AA0107200746B7600
Offsite,V1807C11377,Chromebook,Acer,C738T,NXG55AA010720074777600
Offsite,V1807C11340,Chromebook,Acer,C738T,NXG55AA010720074887600
Offsite,V1807C11355,Chromebook,Acer,C738T,NXG55AA0107200748B7600
Offsite,V1807C11285,Chromebook,Acer,C738T,NXG55AA010720074907600
Offsite,V1807C11390,Chromebook,Acer,C738T,NXG55AA010720074917600
Offsite,V1807C11259,Chromebook,Acer,C738T,NXG55AA010720074997600
Offsite,V1807C12731,Chromebook,Acer,C738T,NXG55AA0107200749B7600
Offsite,V1807C11385,Chromebook,Acer,C738T,NXG55AA010720074A27600
Offsite,V1807C11375,Chromebook,Acer,C738T,NXG55AA010720074A37600
Offsite,V1807C11343,Chromebook,Acer,C738T,NXG55AA010720074A47600
Offsite,V1807C11337,Chromebook,Acer,C738T,NXG55AA010720074A57600
Offsite,V1807C11268,Chromebook,Acer,C738T,NXG55AA010720074A67600
Offsite,V1807C11376,Chromebook,Acer,C738T,NXG55AA010720074A97600
Offsite,V1807C11335,Chromebook,Acer,C738T,NXG55AA010720074AB7600
Offsite,V1807C11342,Chromebook,Acer,C738T,NXG55AA010720074AC7600
Offsite,V1807C11338,Chromebook,Acer,C738T,NXG55AA010720074AD7600
Offsite,V1807C11260,Chromebook,Acer,C738T,NXG55AA010720074AF7600
Offsite,V1807C11261,Chromebook,Acer,C738T,NXG55AA010720074B07600
Offsite,V1807C11256,Chromebook,Acer,C738T,NXG55AA010720074B17600
Offsite,V1807C11339,Chromebook,Acer,C738T,NXG55AA010720074B47600
Offsite,V1807C11387,Chromebook,Acer,C738T,NXG55AA010720074B57600
Offsite,V1807C11380,Chromebook,Acer,C738T,NXG55AA010720074B77600
Offsite,V1807C11368,Chromebook,Acer,C738T,NXG55AA010720074BA7600
Offsite,V1807C11392,Chromebook,Acer,C738T,NXG55AA010720074BC7600
Offsite,V1807C11294,Chromebook,Acer,C738T,NXG55AA010720074BD7600
Offsite,V1807C11334,Chromebook,Acer,C738T,NXG55AA010720074BE7600
Offsite,V1807C11344,Chromebook,Acer,C738T,NXG55AA010720074BF7600
Offsite,V1807C11266,Chromebook,Acer,C738T,NXG55AA010720074C07600
Offsite,V1807C11252,Chromebook,Acer,C738T,NXG55AA010720074C17600
Offsite,V1807C11271,Chromebook,Acer,C738T,NXG55AA010720074C37600
Offsite,V1807C11346,Chromebook,Acer,C738T,NXG55AA010720074C47600
Offsite,V1807C11289,Chromebook,Acer,C738T,NXG55AA010720074C57600
Offsite,V1807C11265,Chromebook,Acer,C738T,NXG55AA010720074C67600
Offsite,V1807C11382,Chromebook,Acer,C738T,NXG55AA010720074C77600
Offsite,V1807C11293,Chromebook,Acer,C738T,NXG55AA010720074C87600
Offsite,V1807C11391,Chromebook,Acer,C738T,NXG55AA010720074CB7600
Offsite,V1807C11354,Chromebook,Acer,C738T,NXG55AA010720074CC7600
Offsite,V1807C11288,Chromebook,Acer,C738T,NXG55AA010720074CD7600
Offsite,V1807C11351,Chromebook,Acer,C738T,NXG55AA010720074CF7600
Offsite,V1807C11369,Chromebook,Acer,C738T,NXG55AA010720074D07600
Offsite,V1807C11297,Chromebook,Acer,C738T,NXG55AA010720074D17600
Offsite,V1807C11292,Chromebook,Acer,C738T,NXG55AA010720074D27600
Offsite,V1807C11286,Chromebook,Acer,C738T,NXG55AA010720074D37600
Offsite,V1807C11313,Chromebook,Acer,C738T,NXG55AA010720074D47600
Offsite,V1807C11310,Chromebook,Acer,C738T,NXG55AA010720074D57600
Offsite,V1807C11350,Chromebook,Acer,C738T,NXG55AA010720074D67600
Offsite,V1807C11394,Chromebook,Acer,C738T,NXG55AA010720074D77600
Offsite,V1807C11353,Chromebook,Acer,C738T,NXG55AA010720074D87600
Offsite,V1807C11386,Chromebook,Acer,C738T,NXG55AA010720074D97600
Offsite,V1807C11253,Chromebook,Acer,C738T,NXG55AA010720074DA7600
Offsite,V1807C11341,Chromebook,Acer,C738T,NXG55AA010720074DB7600
Offsite,V1807C11273,Chromebook,Acer,C738T,NXG55AA010720074DC7600
Offsite,V1807C11272,Chromebook,Acer,C738T,NXG55AA010720074DD7600
Offsite,V1807C11311,Chromebook,Acer,C738T,NXG55AA010720074DE7600
Offsite,V1807C11324,Chromebook,Acer,C738T,NXG55AA010720074DF7600
Offsite,V1807C11326,Chromebook,Acer,C738T,NXG55AA010720074E07600
Offsite,V1807C11320,Chromebook,Acer,C738T,NXG55AA010720074E17600
Offsite,V1807C11296,Chromebook,Acer,C738T,NXG55AA010720074E37600
Offsite,V1807C11312,Chromebook,Acer,C738T,NXG55AA010720074E47600
Offsite,V1807C11323,Chromebook,Acer,C738T,NXG55AA010720074E57600
Offsite,V1807C11325,Chromebook,Acer,C738T,NXG55AA010720074E67600
Offsite,V1807C11322,Chromebook,Acer,C738T,NXG55AA010720074E77600
Offsite,V1807C11309,Chromebook,Acer,C738T,NXG55AA010720074E87600
Offsite,V1807C11370,Chromebook,Acer,C738T,NXG55AA010720074E97600
Offsite,V1807C12197,Chromebook,Acer,C738T,NXG55AA010720074EB7600
Offsite,V1807C11317,Chromebook,Acer,C738T,NXG55AA010720074EC7600
Offsite,V1807C11306,Chromebook,Acer,C738T,NXG55AA010720074ED7600
Offsite,V1807C11371,Chromebook,Acer,C738T,NXG55AA010720074EF7600
Offsite,V1807C11393,Chromebook,Acer,C738T,NXG55AA010720074F07600
Offsite,V1807C11295,Chromebook,Acer,C738T,NXG55AA010720074F17600
Offsite,V1807C11381,Chromebook,Acer,C738T,NXG55AA010720074F27600
Offsite,V1807C11254,Chromebook,Acer,C738T,NXG55AA010720074F47600
Offsite,V1807C12143,Chromebook,Acer,C738T,NXG55AA010720074F57600
Offsite,V1807C12144,Chromebook,Acer,C738T,NXG55AA010720074F67600
Offsite,V1807C11316,Chromebook,Acer,C738T,NXG55AA010720074F77600
Offsite,V1807C11389,Chromebook,Acer,C738T,NXG55AA010720074F87600
Offsite,V1807C11299,Chromebook,Acer,C738T,NXG55AA010720074F97600
Offsite,V1807C11300,Chromebook,Acer,C738T,NXG55AA010720074FB7600
Offsite,V1807C12273,Chromebook,Acer,C738T,NXG55AA010720074FD7600
Offsite,V1807C12275,Chromebook,Acer,C738T,NXG55AA010720074FE7600
Offsite,V1807C12145,Chromebook,Acer,C738T,NXG55AA010720074FF7600
Offsite,V1807C12229,Chromebook,Acer,C738T,NXG55AA010720075017600
Offsite,V1807C12272,Chromebook,Acer,C738T,NXG55AA010720075027600
Offsite,V1807C12146,Chromebook,Acer,C738T,NXG55AA010720075047600
Offsite,V1807C11318,Chromebook,Acer,C738T,NXG55AA010720075057600
Offsite,V1807C12208,Chromebook,Acer,C738T,NXG55AA010720075077600
Offsite,V1807C11298,Chromebook,Acer,C738T,NXG55AA010720075087600
Offsite,V1807C11319,Chromebook,Acer,C738T,NXG55AA0107200750A7600
Offsite,V1807C11315,Chromebook,Acer,C738T,NXG55AA0107200750B7600
Offsite,V1807C12198,Chromebook,Acer,C738T,NXG55AA0107200750C7600
Offsite,V1807C12287,Chromebook,Acer,C738T,NXG55AA0107200750D7600
Offsite,V1807C12148,Chromebook,Acer,C738T,NXG55AA0107200750E7600
Offsite,V1807C12132,Chromebook,Acer,C738T,NXG55AA010720075107600
Offsite,V1807C12129,Chromebook,Acer,C738T,NXG55AA010720075117600
Offsite,V1807C12196,Chromebook,Acer,C738T,NXG55AA010720075187600
Offsite,V1807C12133,Chromebook,Acer,C738T,NXG55AA010720075197600
Offsite,V1807C12194,Chromebook,Acer,C738T,NXG55AA0107200751C7600
Offsite,V1807C12297,Chromebook,Acer,C738T,NXG55AA010720075207600
Offsite,V1807C12142,Chromebook,Acer,C738T,NXG55AA010720075217600
Offsite,V1807C12131,Chromebook,Acer,C738T,NXG55AA010720075237600
Offsite,V1807C12199,Chromebook,Acer,C738T,NXG55AA010720075247600
Offsite,V1807C11304,Chromebook,Acer,C738T,NXG55AA0107200752C7600
Offsite,V1807C6770,Chromebook,Acer,C738T,NXG55AA01072008A0B7600
Offsite,V1807C6191,Chromebook,Acer,C738T,NXG55AA01072316F617600
Offsite,V1807C6557,Chromebook,Acer,C738T,NXG55AA01072319E697600
Offsite,,Chromebook,Acer,C738T,NXG55AA01072319FA57600
Offsite,,Chromebook,Acer,C738T,NXG55AA0108171B1547600
Offsite,,Chromebook,Acer,C738T,NXG55AA0108171B2587600
Offsite,V1807C12091,Chromebook,Acer,C738T,NXG55AA0108171B2637600
Offsite,V1807C12090,Chromebook,Acer,C738T,NXG55AA0108171B2AA7600
Offsite,V1807C12006,Chromebook,Acer,C738T,NXG55AA0108171B2AD7600
Offsite,V1807C12086,Chromebook,Acer,C738T,NXG55AA0108171B2B57600
Offsite,V1807C12062,Chromebook,Acer,C738T,NXG55AA0108171B2CD7600
Offsite,V1807C12085,Chromebook,Acer,C738T,NXG55AA0108171B3007600
Offsite,V1807C12029,Chromebook,Acer,C738T,NXG55AA0108171B3257600
Offsite,V1807C12045,Chromebook,Acer,C738T,NXG55AA0108171B5047600
Offsite,V1807C12000,Chromebook,Acer,C738T,NXG55AA0108171B5647600
Offsite,V1807C12099,Chromebook,Acer,C738T,NXG55AA0108171DA2D7600
Offsite,,Chromebook,Acer,C738T,NXG55AA0108171DA797600
Offsite,,Chromebook,Acer,C738T,NXG55AA0108171DA877600
Offsite,,Chromebook,Acer,C738T,NXG55AA0108171DAB37600
Offsite,,Chromebook,Acer,C738T,NXG55AA0108171DABF7600
Offsite,,Chromebook,Acer,C738T,NXG55AA0108171DAC67600
Offsite,,Chromebook,Acer,C738T,NXG55AA0108171DAEA7600
Offsite,,Chromebook,Acer,C738T,NXG55AA0108171DB057600
Offsite,,Chromebook,Acer,C738T,NXG55AA0108171DB087600
Offsite,,Chromebook,Acer,C738T,NXG55AA0108171DB257600
Offsite,,Chromebook,Acer,C738T,NXG55AA0108171DB357600
Offsite,,Chromebook,Acer,C738T,NXG55AA0108171DB657600
Offsite,,Chromebook,Acer,C738T,NXG55AA0108171DB897600
Offsite,,Chromebook,Acer,C738T,NXG55AA0108171DB8B7600
Offsite,,Chromebook,Acer,C738T,NXG55AA0108171DB927600
Offsite,,Chromebook,Acer,C738T,NXG55AA0108171DB947600
Offsite,,Chromebook,Acer,C738T,NXG55AA0108171DBA17600
Offsite,,Chromebook,Acer,C738T,NXG55AA0108171DBC87600
Offsite,,Chromebook,Acer,C738T,NXG55AA0108171DC287600
Offsite,,Chromebook,Acer,C738T,NXG55AA0108171DC3A7600
Offsite,,Chromebook,Acer,C738T,NXG55AA0108171DC3D7600
Offsite,,Chromebook,Acer,C738T,NXG55AA0108171DC427600
Offsite,,Chromebook,Acer,C738T,NXG55AA0108171DC487600
Offsite,,Chromebook,Acer,C738T,NXG55AA0108171DC497600
Offsite,,Chromebook,Acer,C738T,NXG55AA0108171DC4C7600
Offsite,,Chromebook,Acer,C738T,NXG55AA0108171DC527600
Offsite,,Chromebook,Acer,C738T,NXG55AA0108171DC547600
Offsite,,Chromebook,Acer,C738T,NXG55AA0108171DC6D7600
Offsite,,Chromebook,Acer,C738T,NXG55AA0108171DCA17600
Offsite,,Chromebook,Acer,C738T,NXG55AA0108171DD257600
Offsite,,Chromebook,Acer,C738T,NXG55AA0108171DDE97600
Offsite,,Chromebook,Acer,C738T,NXG55AA0108171DDFD7600
Offsite,,Chromebook,Acer,C738T,NXG55AA0108171DE007600
Offsite,,Chromebook,Acer,C738T,NXG55AA0108171DE047600
Offsite,,Chromebook,Acer,C738T,NXG55AA0108171DE097600
Offsite,,Chromebook,Acer,C738T,NXG55AA0108171DE0B7600
Offsite,,Chromebook,Acer,C738T,NXG55AA0108171DE107600
Offsite,,Chromebook,Acer,C738T,NXG55AA0108171DE137600
Offsite,,Chromebook,Acer,C738T,NXG55AA0108171DE147600
Offsite,,Chromebook,Acer,C738T,NXG55AA0108171DE157600
Offsite,,Chromebook,Acer,C738T,NXG55AA0108171DE177600
Offsite,,Chromebook,Acer,C738T,NXG55AA0108171DE2D7600
Offsite,,Chromebook,Acer,C738T,NXG55AA0108171DE4D7600
Offsite,,Chromebook,Acer,C738T,NXG55AA0108171DE707600
Offsite,,Chromebook,Acer,C738T,NXG55AA0108171DE727600
Offsite,,Chromebook,Acer,C738T,NXG55AA0108171DE7A7600
Offsite,,Chromebook,Acer,C738T,NXG55AA0108171DE877600
Offsite,,Chromebook,Acer,C738T,NXG55AA0108171DE927600
Offsite,,Chromebook,Acer,C738T,NXG55AA0108171DE987600
Offsite,,Chromebook,Acer,C738T,NXG55AA0108171DE9C7600
Offsite,,Chromebook,Acer,C738T,NXG55AA0108171DE9F7600
Offsite,,Chromebook,Acer,C738T,NXG55AA0108171DEA17600
Offsite,,Chromebook,Acer,C738T,NXG55AA0108171DEA47600
Offsite,,Chromebook,Acer,C738T,NXG55AA0108171DEAC7600
Offsite,,Chromebook,Acer,C738T,NXG55AA0108171DEAF7600
Offsite,,Chromebook,Acer,C738T,NXG55AA0108171DEBA7600
Offsite,,Chromebook,Acer,C738T,NXG55AA0108171DEC07600
Offsite,,Chromebook,Acer,C738T,NXG55AA0108171DEC47600
Offsite,,Chromebook,Acer,C738T,NXG55AA0108171DEC87600
Offsite,,Chromebook,Acer,C738T,NXG55AA0108171DECE7600
Offsite,,Chromebook,Acer,C738T,NXG55AA0108171F6897600
Offsite,,Chromebook,Acer,C738T,NXG55AA0108171F68A7600
Offsite,,Chromebook,Acer,C738T,NXG55AA0108171F68D7600
Offsite,,Chromebook,Acer,C738T,NXG55AA0108171F68E7600
Offsite,,Chromebook,Acer,C738T,NXG55AA0108171F68F7600
Offsite,,Chromebook,Acer,C738T,NXG55AA0108171F6907600
Offsite,,Chromebook,Acer,C738T,NXG55AA0108171F6927600
Offsite,,Chromebook,Acer,C738T,NXG55AA0108171F6947600
Offsite,,Chromebook,Acer,C738T,NXG55AA0108171F6987600
Offsite,,Chromebook,Acer,C738T,NXG55AA0108171F69D7600
Offsite,,Chromebook,Acer,C738T,NXG55AA0108171F69F7600
Offsite,,Chromebook,Acer,C738T,NXG55AA0108171F6A07600
Offsite,,Chromebook,Acer,C738T,NXG55AA0108171F6A57600
Offsite,,Chromebook,Acer,C738T,NXG55AA0108171F6AA7600
Offsite,,Chromebook,Acer,C738T,NXG55AA0108171F6AB7600
Offsite,,Chromebook,Acer,C738T,NXG55AA0108171F6AF7600
Offsite,,Chromebook,Acer,C738T,NXG55AA0108171F6B67600
Offsite,,Chromebook,Acer,C738T,NXG55AA0108171F6B77600
Offsite,,Chromebook,Acer,C738T,NXG55AA0108171F6B87600
Offsite,,Chromebook,Acer,C738T,NXG55AA0108171F6BF7600
Offsite,,Chromebook,Acer,C738T,NXG55AA0108171F6C17600
Offsite,,Chromebook,Acer,C738T,NXG55AA0108171F6C27600
Offsite,,Chromebook,Acer,C738T,NXG55AA0108171F6C37600
Offsite,,Chromebook,Acer,C738T,NXG55AA0108171F6C67600
Offsite,,Chromebook,Acer,C738T,NXG55AA0108171F6C87600
Offsite,,Chromebook,Acer,C738T,NXG55AA0108171F6CA7600
Offsite,,Chromebook,Acer,C738T,NXG55AA0108171F6CB7600
Offsite,,Chromebook,Acer,C738T,NXG55AA0108171F6CD7600
Offsite,,Chromebook,Acer,C738T,NXG55AA0108171F6CE7600
Offsite,,Chromebook,Acer,C738T,NXG55AA0108171F6CF7600
Offsite,,Chromebook,Acer,C738T,NXG55AA0108171F6D37600
Offsite,,Chromebook,Acer,C738T,NXG55AA0108171F9057600
Offsite,,Chromebook,Acer,C738T,NXG55AA0108171FA8D7600
Offsite,,Chromebook,Acer,C738T,NXG55AA0108171FFA87600
Offsite,,Chromebook,Acer,C738T,NXG55AA0108171FFBA7600
Offsite,,Chromebook,Acer,C738T,NXG55AA010817238457600
Offsite,,Chromebook,Acer,C738T,NXG55AA010817238C27600
Offsite,,Chromebook,Acer,C738T,NXG55AA010817239087600
Offsite,,Chromebook,Acer,C738T,NXG55AA0108172391A7600
Offsite,,Chromebook,Acer,C738T,NXG55AA0108172392B7600
Offsite,,Chromebook,Acer,C738T,NXG55AA0108172392D7600
Offsite,,Chromebook,Acer,C738T,NXG55AA010817239307600
Offsite,,Chromebook,Acer,C738T,NXG55AA010817239327600
Offsite,,Chromebook,Acer,C738T,NXG55AA0108172393E7600
Offsite,,Chromebook,Acer,C738T,NXG55AA0108172394B7600
Offsite,,Chromebook,Acer,C738T,NXG55AA0108172394F7600
Offsite,,Chromebook,Acer,C738T,NXG55AA010817239527600
Offsite,,Chromebook,Acer,C738T,NXG55AA010817239607600
Offsite,,Chromebook,Acer,C738T,NXG55AA010817239777600
Offsite,,Chromebook,Acer,C738T,NXG55AA0108180089E7600
Offsite,,Chromebook,Acer,C738T,NXG55AA010818008D67600
Offsite,,Chromebook,Acer,C738T,NXG55AA010818008FF7600
Offsite,,Chromebook,Acer,C738T,NXG55AA010818009507600
Offsite,,Chromebook,Acer,C738T,NXG55AA0108180096B7600
Offsite,,Chromebook,Acer,C738T,NXG55AA010818009707600
Offsite,,Chromebook,Acer,C738T,NXG55AA010818009AB7600
Offsite,,Chromebook,Acer,C738T,NXG55AA010818009B17600
Offsite,,Chromebook,Acer,C738T,NXG55AA01081800A1D7600
Offsite,,Chromebook,Acer,C738T,NXG55AA01081800A217600
Offsite,,Chromebook,Acer,C738T,NXG55AA01081800A387600
Offsite,,Chromebook,Acer,C738T,NXG55AA01081800A4E7600
Offsite,,Chromebook,Acer,C738T,NXG55AA01081800A557600
Offsite,,Chromebook,Acer,C738T,NXG55AA01081800A5D7600
Offsite,,Chromebook,Acer,C738T,NXG55AA01081800A617600
Offsite,,Chromebook,Acer,C738T,NXG55AA01081800A767600
Offsite,,Chromebook,Acer,C738T,NXG55AA01081800A807600
Offsite,,Chromebook,Acer,C738T,NXG55AA01081800A827600
Offsite,,Chromebook,Acer,C738T,NXG55AA01081800A8F7600
Offsite,,Chromebook,Acer,C738T,NXG55AA01081800A917600
Offsite,,Chromebook,Acer,C738T,NXG55AA01081800A927600
Offsite,,Chromebook,Acer,C738T,NXG55AA01081800A947600
Offsite,,Chromebook,Acer,C738T,NXG55AA01081800A957600
Offsite,,Chromebook,Acer,C738T,NXG55AA01081800A967600
Offsite,,Chromebook,Acer,C738T,NXG55AA01081800A987600
Offsite,,Chromebook,Acer,C738T,NXG55AA01081800A9C7600
Offsite,,Chromebook,Acer,C738T,NXG55AA01081800AA37600
Offsite,,Chromebook,Acer,C738T,NXG55AA01081800AA47600
Offsite,,Chromebook,Acer,C738T,NXG55AA01081800AA67600
Offsite,,Chromebook,Acer,C738T,NXG55AA01081800AA77600
Offsite,,Chromebook,Acer,C738T,NXG55AA01081800AA87600
Offsite,,Chromebook,Acer,C738T,NXG55AA01081800AAA7600
Offsite,,Chromebook,Acer,C738T,NXG55AA01081800AAC7600
Offsite,,Chromebook,Acer,C738T,NXG55AA01081800ABE7600
Offsite,,Chromebook,Acer,C738T,NXG55AA01081800AC17600
Offsite,,Chromebook,Acer,C738T,NXG55AA01081800AC37600
Offsite,,Chromebook,Acer,C738T,NXG55AA01081800AC67600
Offsite,,Chromebook,Acer,C738T,NXG55AA01081800ACB7600
Offsite,,Chromebook,Acer,C738T,NXG55AA01081800ACD7600
Offsite,,Chromebook,Acer,C738T,NXG55AA01081800ACF7600
Offsite,,Chromebook,Acer,C738T,NXG55AA01081800AD17600
Offsite,,Chromebook,Acer,C738T,NXG55AA01081800AD97600
Offsite,,Chromebook,Acer,C738T,NXG55AA01081800ADA7600
Offsite,,Chromebook,Acer,C738T,NXG55AA01081800ADB7600
Offsite,,Chromebook,Acer,C738T,NXG55AA01081800ADD7600
Offsite,,Chromebook,Acer,C738T,NXG55AA01081800ADE7600
Offsite,,Chromebook,Acer,C738T,NXG55AA01081800ADF7600
Offsite,,Chromebook,Acer,C738T,NXG55AA01081800AE17600
Offsite,,Chromebook,Acer,C738T,NXG55AA01081800AE27600
Offsite,,Chromebook,Acer,C738T,NXG55AA01081800AE37600
Offsite,,Chromebook,Acer,C738T,NXG55AA01081800AE57600
Offsite,,Chromebook,Acer,C738T,NXG55AA01081800AE67600
Offsite,,Chromebook,Acer,C738T,NXG55AA01081800AE87600
Offsite,,Chromebook,Acer,C738T,NXG55AA01081800AE97600
Offsite,,Chromebook,Acer,C738T,NXG55AA01081800AEB7600
Offsite,,Chromebook,Acer,C738T,NXG55AA01081800AEC7600
Offsite,,Chromebook,Acer,C738T,NXG55AA01081800AF17600
Offsite,,Chromebook,Acer,C738T,NXG55AA01081800AF27600
Offsite,,Chromebook,Acer,C738T,NXG55AA01081800AF47600
Offsite,,Chromebook,Acer,C738T,NXG55AA01081800AF67600
Offsite,,Chromebook,Acer,C738T,NXG55AA01081800AF77600
Offsite,,Chromebook,Acer,C738T,NXG55AA01081800AFB7600
Offsite,,Chromebook,Acer,C738T,NXG55AA01081800B007600
Offsite,,Chromebook,Acer,C738T,NXG55AA01081800B017600
Offsite,,Chromebook,Acer,C738T,NXG55AA01081800B067600
Offsite,,Chromebook,Acer,C738T,NXG55AA01081800B087600
Offsite,,Chromebook,Acer,C738T,NXG55AA01081800B097600
Offsite,,Chromebook,Acer,C738T,NXG55AA01081800B0B7600
Offsite,,Chromebook,Acer,C738T,NXG55AA01081800B107600
Offsite,,Chromebook,Acer,C738T,NXG55AA01081800B127600
Offsite,,Chromebook,Acer,C738T,NXG55AA01081800B187600
Offsite,,Chromebook,Acer,C738T,NXG55AA01081800B197600
Offsite,,Chromebook,Acer,C738T,NXG55AA01081800B1E7600
Offsite,,Chromebook,Acer,C738T,NXG55AA01081800B217600
Offsite,,Chromebook,Acer,C738T,NXG55AA01081800B277600
Offsite,,Chromebook,Acer,C738T,NXG55AA01081800B2A7600
Offsite,,Chromebook,Acer,C738T,NXG55AA01081800B2C7600
Offsite,,Chromebook,Acer,C738T,NXG55AA01081800B337600
Offsite,,Chromebook,Acer,C738T,NXG55AA01081800B377600
Offsite,,Chromebook,Acer,C738T,NXG55AA01081800B387600
Offsite,,Chromebook,Acer,C738T,NXG55AA01081800B3A7600
Offsite,,Chromebook,Acer,C738T,NXG55AA01081800B3E7600
Offsite,,Chromebook,Acer,C738T,NXG55AA01081800B407600
Offsite,,Chromebook,Acer,C738T,NXG55AA01081800B427600
Offsite,,Chromebook,Acer,C738T,NXG55AA01081800B437600
Offsite,,Chromebook,Acer,C738T,NXG55AA01081800B447600
Offsite,,Chromebook,Acer,C738T,NXG55AA01081800B457600
Offsite,,Chromebook,Acer,C738T,NXG55AA01081800B477600
Offsite,,Chromebook,Acer,C738T,NXG55AA01081800B487600
Offsite,,Chromebook,Acer,C738T,NXG55AA01081800B4B7600
Offsite,,Chromebook,Acer,C738T,NXG55AA01081800B4C7600
Offsite,,Chromebook,Acer,C738T,NXG55AA01081800B4D7600
Offsite,,Chromebook,Acer,C738T,NXG55AA01081800B4E7600
Offsite,,Chromebook,Acer,C738T,NXG55AA01081800B507600
Offsite,,Chromebook,Acer,C738T,NXG55AA01081800B517600
Offsite,,Chromebook,Acer,C738T,NXG55AA01081800B527600
Offsite,,Chromebook,Acer,C738T,NXG55AA01081800B537600
Offsite,,Chromebook,Acer,C738T,NXG55AA01081800B567600
Offsite,,Chromebook,Acer,C738T,NXG55AA01081800B5B7600
Offsite,,Chromebook,Acer,C738T,NXG55AA01081800B5C7600
Offsite,,Chromebook,Acer,C738T,NXG55AA01081800B5D7600
Offsite,,Chromebook,Acer,C738T,NXG55AA01081800B5F7600
Offsite,,Chromebook,Acer,C738T,NXG55AA01081800B617600
Offsite,,Chromebook,Acer,C738T,NXG55AA01081800B687600
Offsite,,Chromebook,Acer,C738T,NXG55AA01081800B737600
Offsite,,Chromebook,Acer,C738T,NXG55AA01081800B747600
Offsite,,Chromebook,Acer,C738T,NXG55AA01081800BB37600
Offsite,,Chromebook,Acer,C738T,NXG55AA01081800BD57600
Offsite,,Chromebook,Acer,C738T,NXG55AA01081800BEB7600
Offsite,,Chromebook,Acer,C738T,NXG55AA01081800BFE7600
Offsite,,Chromebook,Acer,C738T,NXG55AA010818034DD7600
Offsite,,Chromebook,Acer,C738T,NXG55AA010818034E87600
Offsite,,Chromebook,Acer,C738T,NXG55AA010818034FF7600
Offsite,,Chromebook,Acer,C738T,NXG55AA010818035087600
Offsite,,Chromebook,Acer,C738T,NXG55AA010818035097600
Offsite,,Chromebook,Acer,C738T,NXG55AA010818035117600
Offsite,,Chromebook,Acer,C738T,NXG55AA010818035167600
Offsite,,Chromebook,Acer,C738T,NXG55AA0108180351A7600
Offsite,,Chromebook,Acer,C738T,NXG55AA0108180351B7600
Offsite,,Chromebook,Acer,C738T,NXG55AA0108180351C7600
Offsite,,Chromebook,Acer,C738T,NXG55AA0108180351D7600
Offsite,,Chromebook,Acer,C738T,NXG55AA0108180351E7600
Offsite,,Chromebook,Acer,C738T,NXG55AA0108180351F7600
Offsite,,Chromebook,Acer,C738T,NXG55AA010818035207600
Offsite,,Chromebook,Acer,C738T,NXG55AA010818035227600
Offsite,,Chromebook,Acer,C738T,NXG55AA010818035237600
Offsite,,Chromebook,Acer,C738T,NXG55AA010818035257600
Offsite,,Chromebook,Acer,C738T,NXG55AA010818035267600
Offsite,,Chromebook,Acer,C738T,NXG55AA010818035287600
Offsite,,Chromebook,Acer,C738T,NXG55AA010818035297600
Offsite,,Chromebook,Acer,C738T,NXG55AA0108180352A7600
Offsite,,Chromebook,Acer,C738T,NXG55AA0108180352B7600
Offsite,,Chromebook,Acer,C738T,NXG55AA0108180352D7600
Offsite,,Chromebook,Acer,C738T,NXG55AA0108180352E7600
Offsite,,Chromebook,Acer,C738T,NXG55AA0108180352F7600
Offsite,,Chromebook,Acer,C738T,NXG55AA010818035307600
Offsite,,Chromebook,Acer,C738T,NXG55AA010818035327600
Offsite,,Chromebook,Acer,C738T,NXG55AA010818035337600
Offsite,,Chromebook,Acer,C738T,NXG55AA010818035347600
Offsite,,Chromebook,Acer,C738T,NXG55AA010818035357600
Offsite,,Chromebook,Acer,C738T,NXG55AA010818035377600
Offsite,,Chromebook,Acer,C738T,NXG55AA010818035387600
Offsite,,Chromebook,Acer,C738T,NXG55AA0108180353A7600
Offsite,,Chromebook,Acer,C738T,NXG55AA0108180353B7600
Offsite,,Chromebook,Acer,C738T,NXG55AA0108180353C7600
Offsite,,Chromebook,Acer,C738T,NXG55AA0108180353F7600
Offsite,,Chromebook,Acer,C738T,NXG55AA010818035407600
Offsite,,Chromebook,Acer,C738T,NXG55AA010818035427600
Offsite,,Chromebook,Acer,C738T,NXG55AA010818035437600
Offsite,,Chromebook,Acer,C738T,NXG55AA010818035447600
Offsite,,Chromebook,Acer,C738T,NXG55AA010818035457600
Offsite,,Chromebook,Acer,C738T,NXG55AA010818035467600
Offsite,,Chromebook,Acer,C738T,NXG55AA010818035477600
Offsite,,Chromebook,Acer,C738T,NXG55AA010818035487600
Offsite,,Chromebook,Acer,C738T,NXG55AA010818035497600
Offsite,,Chromebook,Acer,C738T,NXG55AA0108180354A7600
Offsite,,Chromebook,Acer,C738T,NXG55AA0108180354C7600
Offsite,,Chromebook,Acer,C738T,NXG55AA0108180354D7600
Offsite,,Chromebook,Acer,C738T,NXG55AA010818035517600
Offsite,,Chromebook,Acer,C738T,NXG55AA010818035527600
Offsite,,Chromebook,Acer,C738T,NXG55AA010818035537600
Offsite,,Chromebook,Acer,C738T,NXG55AA010818035547600
Offsite,,Chromebook,Acer,C738T,NXG55AA010818035557600
Offsite,,Chromebook,Acer,C738T,NXG55AA010818035577600
Offsite,,Chromebook,Acer,C738T,NXG55AA0108180355B7600
Offsite,,Chromebook,Acer,C738T,NXG55AA010818035607600
Offsite,,Chromebook,Acer,C738T,NXG55AA010818106407600
Offsite,,Chromebook,Acer,C738T,NXG55AA010818106FF7600
Offsite,,Chromebook,Acer,C738T,NXG55AA010818107477600
Offsite,,Chromebook,Acer,C738T,NXG55AA010818107D67600
Offsite,,Chromebook,Acer,C738T,NXG55AA010818107F87600
Offsite,,Chromebook,Acer,C738T,NXG55AA0108181084C7600
Offsite,,Chromebook,Acer,C738T,NXG55AA0108181096F7600
Offsite,,Chromebook,Acer,C738T,NXG55AA0108181099C7600
Offsite,,Chromebook,Acer,C738T,NXG55AA010818109BF7600
Offsite,,Chromebook,Acer,C738T,NXG55AA010818109C17600
Offsite,,Chromebook,Acer,C738T,NXG55AA010818109C87600
Offsite,,Chromebook,Acer,C738T,NXG55AA010818109ED7600
Offsite,,Chromebook,Acer,C738T,NXG55AA01081810A077600
Offsite,,Chromebook,Acer,C738T,NXG55AA01081810A0E7600
Offsite,,Chromebook,Acer,C738T,NXG55AA01081810A237600
Offsite,,Chromebook,Acer,C738T,NXG55AA01081810A2A7600
Offsite,,Chromebook,Acer,C738T,NXG55AA01081810A307600
Offsite,,Chromebook,Acer,C738T,NXG55AA01081810A317600
Offsite,,Chromebook,Acer,C738T,NXG55AA01081810A327600
Offsite,,Chromebook,Acer,C738T,NXG55AA01081810A347600
Offsite,,Chromebook,Acer,C738T,NXG55AA01081810A377600
Offsite,,Chromebook,Acer,C738T,NXG55AA01081810A3A7600
Offsite,,Chromebook,Acer,C738T,NXG55AA01081810A417600
Offsite,,Chromebook,Acer,C738T,NXG55AA01081810A437600
Offsite,,Chromebook,Acer,C738T,NXG55AA01081810A477600
Offsite,,Chromebook,Acer,C738T,NXG55AA01081810A487600
Offsite,,Chromebook,Acer,C738T,NXG55AA01081810A4A7600
Offsite,,Chromebook,Acer,C738T,NXG55AA01081810A4C7600
Offsite,,Chromebook,Acer,C738T,NXG55AA01081810A547600
Offsite,,Chromebook,Acer,C738T,NXG55AA01081810A587600
Offsite,,Chromebook,Acer,C738T,NXG55AA01081810A5A7600
Offsite,,Chromebook,Acer,C738T,NXG55AA01081810A737600
Offsite,,Chromebook,Acer,C738T,NXG55AA01081810A917600
Offsite,,Chromebook,Acer,C738T,NXG55AA010818121847600
Offsite,,Chromebook,Acer,C738T,NXG55AA010818121917600
Offsite,,Chromebook,Acer,C738T,NXG55AA010818121AE7600
Offsite,,Chromebook,Acer,C738T,NXG55AA010818121B17600
Offsite,,Chromebook,Acer,C738T,NXG55AA010818122087600
Offsite,,Chromebook,Acer,C738T,NXG55AA010818122127600
Offsite,,Chromebook,Acer,C738T,NXG55AA010818122187600
Offsite,,Chromebook,Acer,C738T,NXG55AA010818122267600
Offsite,,Chromebook,Acer,C738T,NXG55AA0108181222B7600
Offsite,,Chromebook,Acer,C738T,NXG55AA010818122327600
Offsite,,Chromebook,Acer,C738T,NXG55AA010818122397600
Offsite,,Chromebook,Acer,C738T,NXG55AA010818122477600
Offsite,,Chromebook,Acer,C738T,NXG55AA010818122537600
Offsite,,Chromebook,Acer,C738T,NXG55AA0108181225F7600
Offsite,,Chromebook,Acer,C738T,NXG55AA010818122697600
Offsite,,Chromebook,Acer,C738T,NXG55AA010818122907600
Offsite,,Chromebook,Acer,C738T,NXG55AA010818122917600
Offsite,,Chromebook,Acer,C738T,NXG55AA010818122A07600
Offsite,,Chromebook,Acer,C738T,NXG55AA010818122A77600
Offsite,,Chromebook,Acer,C738T,NXG55AA010818122B57600
Offsite,,Chromebook,Acer,C738T,NXG55AA010818122C47600
Offsite,,Chromebook,Acer,C738T,NXG55AA010818122C67600
Offsite,,Chromebook,Acer,C738T,NXG55AA010818122CA7600
Offsite,,Chromebook,Acer,C738T,NXG55AA010818122D07600
Offsite,,Chromebook,Acer,C738T,NXG55AA010818122D17600
Offsite,,Chromebook,Acer,C738T,NXG55AA010818122E97600
Offsite,,Chromebook,Acer,C738T,NXG55AA010818122ED7600
Offsite,,Chromebook,Acer,C738T,NXG55AA010818122F47600
Offsite,,Chromebook,Acer,C738T,NXG55AA010818122FC7600
Offsite,,Chromebook,Acer,C738T,NXG55AA010818123027600
Offsite,,Chromebook,Acer,C738T,NXG55AA010818123037600
Offsite,,Chromebook,Acer,C738T,NXG55AA010818123067600
Offsite,,Chromebook,Acer,C738T,NXG55AA010818123087600
Offsite,,Chromebook,Acer,C738T,NXG55AA0108181230B7600
Offsite,,Chromebook,Acer,C738T,NXG55AA010818123127600
Offsite,,Chromebook,Acer,C738T,NXG55AA010818123157600
Offsite,,Chromebook,Acer,C738T,NXG55AA010818123197600
Offsite,,Chromebook,Acer,C738T,NXG55AA010818123207600
Offsite,,Chromebook,Acer,C738T,NXG55AA010818123257600
Offsite,,Chromebook,Acer,C738T,NXG55AA0108181232B7600
Offsite,,Chromebook,Acer,C738T,NXG55AA0108181232D7600
Offsite,,Chromebook,Acer,C738T,NXG55AA010818123327600
Offsite,,Chromebook,Acer,C738T,NXG55AA010818123337600
Offsite,,Chromebook,Acer,C738T,NXG55AA010818123347600
Offsite,,Chromebook,Acer,C738T,NXG55AA010818123357600
Offsite,,Chromebook,Acer,C738T,NXG55AA010818123367600
Offsite,,Chromebook,Acer,C738T,NXG55AA0108181233A7600
Offsite,,Chromebook,Acer,C738T,NXG55AA0108181233B7600
Offsite,,Chromebook,Acer,C738T,NXG55AA010818123417600
Offsite,,Chromebook,Acer,C738T,NXG55AA010818123427600
Offsite,,Chromebook,Acer,C738T,NXG55AA010818123457600
Offsite,,Chromebook,Acer,C738T,NXG55AA010818123487600
Offsite,,Chromebook,Acer,C738T,NXG55AA010818123647600
Offsite,,Chromebook,Acer,C738T,NXG55AA0108181236D7600
Offsite,,Chromebook,Acer,C738T,NXG55AA01081901CAA7600
Offsite,,Chromebook,Acer,C738T,NXG55AA01081901CC37600
Offsite,,Chromebook,Acer,C738T,NXG55AA01081901D3E7600
Offsite,,Chromebook,Acer,C738T,NXG55AA01081901DB37600
Offsite,,Chromebook,Acer,C738T,NXG55AA01081901DBF7600
Offsite,,Chromebook,Acer,C738T,NXG55AA01081901DE27600
Offsite,,Chromebook,Acer,C738T,NXG55AA01081901E1D7600
Offsite,,Chromebook,Acer,C738T,NXG55AA01081901E207600
Offsite,,Chromebook,Acer,C738T,NXG55AA01081901E257600
Offsite,,Chromebook,Acer,C738T,NXG55AA01081901E2F7600
Offsite,,Chromebook,Acer,C738T,NXG55AA01081901E347600
Offsite,,Chromebook,Acer,C738T,NXG55AA01081901E357600
Offsite,,Chromebook,Acer,C738T,NXG55AA01081901E3A7600
Offsite,,Chromebook,Acer,C738T,NXG55AA01081901E3E7600
Offsite,,Chromebook,Acer,C738T,NXG55AA01081901E3F7600
Offsite,,Chromebook,Acer,C738T,NXG55AA01081901E467600
Offsite,,Chromebook,Acer,C738T,NXG55AA01081901E477600
Offsite,,Chromebook,Acer,C738T,NXG55AA01081901E497600
Offsite,,Chromebook,Acer,C738T,NXG55AA01081901E4A7600
Offsite,,Chromebook,Acer,C738T,NXG55AA01081901E4B7600
Offsite,,Chromebook,Acer,C738T,NXG55AA01081901E4C7600
Offsite,,Chromebook,Acer,C738T,NXG55AA01081901E4D7600
Offsite,,Chromebook,Acer,C738T,NXG55AA01081901E4F7600
Offsite,,Chromebook,Acer,C738T,NXG55AA01081901E507600
Offsite,,Chromebook,Acer,C738T,NXG55AA01081901E517600
Offsite,,Chromebook,Acer,C738T,NXG55AA01081901E527600
Offsite,,Chromebook,Acer,C738T,NXG55AA01081901E557600
Offsite,,Chromebook,Acer,C738T,NXG55AA01081901E567600
Offsite,,Chromebook,Acer,C738T,NXG55AA01081901E577600
Offsite,,Chromebook,Acer,C738T,NXG55AA01081901E587600
Offsite,,Chromebook,Acer,C738T,NXG55AA01081901E597600
Offsite,,Chromebook,Acer,C738T,NXG55AA01081901E5A7600
Offsite,,Chromebook,Acer,C738T,NXG55AA01081901E5B7600
Offsite,,Chromebook,Acer,C738T,NXG55AA01081901E5C7600
Offsite,,Chromebook,Acer,C738T,NXG55AA01081901E5D7600
Offsite,,Chromebook,Acer,C738T,NXG55AA01081901E5E7600
Offsite,,Chromebook,Acer,C738T,NXG55AA01081901E5F7600
Offsite,,Chromebook,Acer,C738T,NXG55AA01081901E607600
Offsite,,Chromebook,Acer,C738T,NXG55AA01081901E617600
Offsite,,Chromebook,Acer,C738T,NXG55AA01081901E627600
Offsite,,Chromebook,Acer,C738T,NXG55AA01081901E637600
Offsite,,Chromebook,Acer,C738T,NXG55AA01081901E647600
Offsite,,Chromebook,Acer,C738T,NXG55AA01081901E657600
Offsite,,Chromebook,Acer,C738T,NXG55AA01081901E677600
Offsite,,Chromebook,Acer,C738T,NXG55AA01081901E697600
Offsite,,Chromebook,Acer,C738T,NXG55AA01081901E6A7600
Offsite,,Chromebook,Acer,C738T,NXG55AA01081901E6C7600
Offsite,,Chromebook,Acer,C738T,NXG55AA01081901E6E7600
Offsite,,Chromebook,Acer,C738T,NXG55AA01081903A7C7600
Offsite,,Chromebook,Acer,C738T,NXG55AA01081903A7E7600
Offsite,,Chromebook,Acer,C738T,NXG55AA01081903A807600
Offsite,,Chromebook,Acer,C738T,NXG55AA01081903A917600
Offsite,,Chromebook,Acer,C738T,NXG55AA01081903AA17600
Offsite,,Chromebook,Acer,C738T,NXG55AA01081903AD47600
Offsite,,Chromebook,Acer,C738T,NXG55AA01081903AE87600
Offsite,,Chromebook,Acer,C738T,NXG55AA01081903AFF7600
Offsite,,Chromebook,Acer,C738T,NXG55AA01081903B177600
Offsite,,Chromebook,Acer,C738T,NXG55AA01081903B657600
Offsite,,Chromebook,Acer,C738T,NXG55AA01081903B717600
Offsite,,Chromebook,Acer,C738T,NXG55AA01081903B937600
Offsite,,Chromebook,Acer,C738T,NXG55AA01081903B967600
Offsite,,Chromebook,Acer,C738T,NXG55AA01081903BAA7600
Offsite,,Chromebook,Acer,C738T,NXG55AA01081903BAB7600
Offsite,,Chromebook,Acer,C738T,NXG55AA01081903BB17600
Offsite,,Chromebook,Acer,C738T,NXG55AA01081903BB37600
Offsite,,Chromebook,Acer,C738T,NXG55AA01081903BB67600
Offsite,,Chromebook,Acer,C738T,NXG55AA01081903BC77600
Offsite,,Chromebook,Acer,C738T,NXG55AA01081903BD87600
Offsite,,Chromebook,Acer,C738T,NXG55AA01081903BDE7600
Offsite,,Chromebook,Acer,C738T,NXG55AA01081903BE57600
Offsite,,Chromebook,Acer,C738T,NXG55AA01081903BE97600
Offsite,,Chromebook,Acer,C738T,NXG55AA01081903BEB7600
Offsite,,Chromebook,Acer,C738T,NXG55AA01081903BEC7600
Offsite,,Chromebook,Acer,C738T,NXG55AA01081903BED7600
Offsite,,Chromebook,Acer,C738T,NXG55AA01081903BF07600
Offsite,,Chromebook,Acer,C738T,NXG55AA01081903BF17600
Offsite,,Chromebook,Acer,C738T,NXG55AA01081903BF27600
Offsite,,Chromebook,Acer,C738T,NXG55AA01081903BF87600
Offsite,,Chromebook,Acer,C738T,NXG55AA01081903BFA7600
Offsite,,Chromebook,Acer,C738T,NXG55AA01081903BFB7600
Offsite,,Chromebook,Acer,C738T,NXG55AA01081903BFF7600
Offsite,,Chromebook,Acer,C738T,NXG55AA01081903C007600
Offsite,,Chromebook,Acer,C738T,NXG55AA01081903C017600
Offsite,,Chromebook,Acer,C738T,NXG55AA01081903C027600
Offsite,,Chromebook,Acer,C738T,NXG55AA01081903C037600
Offsite,,Chromebook,Acer,C738T,NXG55AA01081903C097600
Offsite,,Chromebook,Acer,C738T,NXG55AA01081903C0A7600
Offsite,,Chromebook,Acer,C738T,NXG55AA01081903C0C7600
Offsite,,Chromebook,Acer,C738T,NXG55AA01081903C0D7600
Offsite,,Chromebook,Acer,C738T,NXG55AA01081903C0E7600
Offsite,,Chromebook,Acer,C738T,NXG55AA01081903C177600
Offsite,,Chromebook,Acer,C738T,NXG55AA01081903C1A7600
Offsite,,Chromebook,Acer,C738T,NXG55AA01081903C1C7600
Offsite,,Chromebook,Acer,C738T,NXG55AA01081903C927600
Offsite,,Chromebook,Acer,C738T,NXG55AA01081903C947600
Offsite,,Chromebook,Acer,C738T,NXG55AA01081903C957600
Offsite,,Chromebook,Acer,C738T,NXG55AA01081903C9B7600
Offsite,,Chromebook,Acer,C738T,NXG55AA01081903C9D7600
Offsite,,Chromebook,Acer,C738T,NXG55AA01081903CA17600
Offsite,,Chromebook,Acer,C738T,NXG55AA01081903CA97600
Offsite,,Chromebook,Acer,C738T,NXG55AA01081903CBC7600
Offsite,,Chromebook,Acer,C738T,NXG55AA01081903D7A7600
Offsite,,Chromebook,Acer,C738T,NXG55AA01081903DF17600
Offsite,,Chromebook,Acer,C738T,NXG55AA01081903E3F7600
Offsite,,Chromebook,Acer,C738T,NXG55AA01081903E437600
Offsite,,Chromebook,Acer,C738T,NXG55AA01081903E497600
Offsite,,Chromebook,Acer,C738T,NXG55AA01081903E4C7600
Offsite,,Chromebook,Acer,C738T,NXG55AA01081903E507600
Offsite,,Chromebook,Acer,C738T,NXG55AA01081903E517600
Offsite,,Chromebook,Acer,C738T,NXG55AA01081903E537600
Offsite,,Chromebook,Acer,C738T,NXG55AA01081903E567600
Offsite,,Chromebook,Acer,C738T,NXG55AA01081903E587600
Offsite,,Chromebook,Acer,C738T,NXG55AA01081903E5A7600
Offsite,,Chromebook,Acer,C738T,NXG55AA01081903E5B7600
Offsite,,Chromebook,Acer,C738T,NXG55AA01081903E5C7600
Offsite,,Chromebook,Acer,C738T,NXG55AA01081903E5D7600
Offsite,,Chromebook,Acer,C738T,NXG55AA01081903E5F7600
Offsite,,Chromebook,Acer,C738T,NXG55AA01081903E617600
Offsite,,Chromebook,Acer,C738T,NXG55AA01081903E657600
Offsite,,Chromebook,Acer,C738T,NXG55AA01081903E677600
Offsite,,Chromebook,Acer,C738T,NXG55AA01081903E6B7600
Offsite,,Chromebook,Acer,C738T,NXG55AA01081903E6E7600
Offsite,,Chromebook,Acer,C738T,NXG55AA01081903E807600
Offsite,,Chromebook,Acer,C738T,NXG55AA01081903E867600
Offsite,,Chromebook,Acer,C738T,NXG55AA01081903E8A7600
Offsite,,Chromebook,Acer,C738T,NXG55AA01081903E947600
Offsite,,Chromebook,Acer,C738T,NXG55AA01081903EAC7600
Offsite,,Chromebook,Acer,C738T,NXG55AA01081903ED47600
Offsite,,Chromebook,Acer,C738T,NXG55AA0108190711D7600
Offsite,,Chromebook,Acer,C738T,NXG55AA0108190714C7600
Offsite,,Chromebook,Acer,C738T,NXG55AA010819071597600
Offsite,,Chromebook,Acer,C738T,NXG55AA0108190716D7600
Offsite,,Chromebook,Acer,C738T,NXG55AA010819071747600
Offsite,,Chromebook,Acer,C738T,NXG55AA010819071787600
Offsite,,Chromebook,Acer,C738T,NXG55AA010819071797600
Offsite,,Chromebook,Acer,C738T,NXG55AA0108190717A7600
Offsite,,Chromebook,Acer,C738T,NXG55AA0108190717B7600
Offsite,,Chromebook,Acer,C738T,NXG55AA0108190717D7600
Offsite,,Chromebook,Acer,C738T,NXG55AA0108190717F7600
Offsite,,Chromebook,Acer,C738T,NXG55AA010819071807600
Offsite,,Chromebook,Acer,C738T,NXG55AA010819071827600
Offsite,,Chromebook,Acer,C738T,NXG55AA010819071837600
Offsite,,Chromebook,Acer,C738T,NXG55AA010819071857600
Offsite,,Chromebook,Acer,C738T,NXG55AA010819071877600
Offsite,,Chromebook,Acer,C738T,NXG55AA0108190718D7600
Offsite,,Chromebook,Acer,C738T,NXG55AA010819071937600
Offsite,,Chromebook,Acer,C738T,NXG55AA010819071947600
Offsite,,Chromebook,Acer,C738T,NXG55AA010819071967600
Offsite,,Chromebook,Acer,C738T,NXG55AA010819071987600
Offsite,,Chromebook,Acer,C738T,NXG55AA010819071997600
Offsite,,Chromebook,Acer,C738T,NXG55AA0108190719A7600
Offsite,,Chromebook,Acer,C738T,NXG55AA010819071A17600
Offsite,,Chromebook,Acer,C738T,NXG55AA010819071A27600
Offsite,,Chromebook,Acer,C738T,NXG55AA010819071A37600
Offsite,,Chromebook,Acer,C738T,NXG55AA010819071A67600
Offsite,,Chromebook,Acer,C738T,NXG55AA010819071C57600
Offsite,,Chromebook,Acer,C738T,NXG55AA010819071E97600
Offsite,,Chromebook,Acer,C738T,NXG55AA010819071ED7600
Offsite,,Chromebook,Acer,C738T,NXG55AA010819072807600
Offsite,,Chromebook,Acer,C738T,NXG55AA010819072EC7600
Offsite,,Chromebook,Acer,C738T,NXG55AA010819072F97600
Offsite,,Chromebook,Acer,C738T,NXG55AA010819073107600
Offsite,,Chromebook,Acer,C738T,NXG55AA010819073117600
Offsite,,Chromebook,Acer,C738T,NXG55AA0108190733B7600
Offsite,,Chromebook,Acer,C738T,NXG55AA010819073767600
Offsite,,Chromebook,Acer,C738T,NXG55AA010819073807600
Offsite,,Chromebook,Acer,C738T,NXG55AA010819073907600
Offsite,,Chromebook,Acer,C738T,NXG55AA010819073937600
Offsite,,Chromebook,Acer,C738T,NXG55AA010819073A77600
Offsite,,Chromebook,Acer,C738T,NXG55AA010819073AA7600
Offsite,,Chromebook,Acer,C738T,NXG55AA010819073B77600
Offsite,,Chromebook,Acer,C738T,NXG55AA010819073BE7600
Offsite,,Chromebook,Acer,C738T,NXG55AA010819073CB7600
Offsite,,Chromebook,Acer,C738T,NXG55AA010819073CC7600
Offsite,,Chromebook,Acer,C738T,NXG55AA010819073CF7600
Offsite,,Chromebook,Acer,C738T,NXG55AA010819073D17600
Offsite,,Chromebook,Acer,C738T,NXG55AA010819073D47600
Offsite,,Chromebook,Acer,C738T,NXG55AA010819073D77600
Offsite,,Chromebook,Acer,C738T,NXG55AA010819073D87600
Offsite,,Chromebook,Acer,C738T,NXG55AA010819073D97600
Offsite,,Chromebook,Acer,C738T,NXG55AA010819073DB7600
Offsite,,Chromebook,Acer,C738T,NXG55AA010819073DF7600
Offsite,,Chromebook,Acer,C738T,NXG55AA010819073E17600
Offsite,,Chromebook,Acer,C738T,NXG55AA010819073E47600
Offsite,,Chromebook,Acer,C738T,NXG55AA010819073E67600
Offsite,,Chromebook,Acer,C738T,NXG55AA010819073E87600
Offsite,,Chromebook,Acer,C738T,NXG55AA010819073EB7600
Offsite,,Chromebook,Acer,C738T,NXG55AA010819073ED7600
Offsite,,Chromebook,Acer,C738T,NXG55AA010819073EE7600
Offsite,,Chromebook,Acer,C738T,NXG55AA010819073F07600
Offsite,,Chromebook,Acer,C738T,NXG55AA010819073F27600
Offsite,,Chromebook,Acer,C738T,NXG55AA010819073F37600
Offsite,,Chromebook,Acer,C738T,NXG55AA010819073F47600
Offsite,,Chromebook,Acer,C738T,NXG55AA010819073F57600
Offsite,,Chromebook,Acer,C738T,NXG55AA010819073F77600
Offsite,,Chromebook,Acer,C738T,NXG55AA010819073F87600
Offsite,,Chromebook,Acer,C738T,NXG55AA010819073F97600
Offsite,,Chromebook,Acer,C738T,NXG55AA010819073FB7600
Offsite,,Chromebook,Acer,C738T,NXG55AA010819073FC7600
Offsite,,Chromebook,Acer,C738T,NXG55AA010819073FD7600
Offsite,,Chromebook,Acer,C738T,NXG55AA010819073FE7600
Offsite,,Chromebook,Acer,C738T,NXG55AA010819073FF7600
Offsite,,Chromebook,Acer,C738T,NXG55AA010819074007600
Offsite,,Chromebook,Acer,C738T,NXG55AA010819074017600
Offsite,,Chromebook,Acer,C738T,NXG55AA010819074047600
Offsite,,Chromebook,Acer,C738T,NXG55AA010819074057600
Offsite,,Chromebook,Acer,C738T,NXG55AA010819074077600
Offsite,,Chromebook,Acer,C738T,NXG55AA010819074097600
Offsite,,Chromebook,Acer,C738T,NXG55AA0108190740E7600
Offsite,,Chromebook,Acer,C738T,NXG55AA0108190740F7600
Offsite,,Chromebook,Acer,C738T,NXG55AA010819074117600
Offsite,,Chromebook,Acer,C738T,NXG55AA010819074127600
Offsite,,Chromebook,Acer,C738T,NXG55AA010819074137600
Offsite,,Chromebook,Acer,C738T,NXG55AA010819074187600
Offsite,,Chromebook,Acer,C738T,NXG55AA010819074197600
Offsite,,Chromebook,Acer,C738T,NXG55AA0108190741A7600
Offsite,,Chromebook,Acer,C738T,NXG55AA0108190741C7600
Offsite,,Chromebook,Acer,C738T,NXG55AA0108190741E7600
Offsite,,Chromebook,Acer,C738T,NXG55AA0108190741F7600
Offsite,,Chromebook,Acer,C738T,NXG55AA010819074227600
Offsite,,Chromebook,Acer,C738T,NXG55AA010819074267600
Offsite,,Chromebook,Acer,C738T,NXG55AA010819074287600
Offsite,,Chromebook,Acer,C738T,NXG55AA010819074297600
Offsite,,Chromebook,Acer,C738T,NXG55AA0108190742A7600
Offsite,,Chromebook,Acer,C738T,NXG55AA0108190742B7600
Offsite,,Chromebook,Acer,C738T,NXG55AA0108190742F7600
Offsite,,Chromebook,Acer,C738T,NXG55AA010819074317600
Offsite,,Chromebook,Acer,C738T,NXG55AA010819074337600
Offsite,,Chromebook,Acer,C738T,NXG55AA010819074347600
Offsite,,Chromebook,Acer,C738T,NXG55AA010819074367600
Offsite,,Chromebook,Acer,C738T,NXG55AA010819074387600
Offsite,,Chromebook,Acer,C738T,NXG55AA010819074397600
Offsite,,Chromebook,Acer,C738T,NXG55AA0108190743A7600
Offsite,,Chromebook,Acer,C738T,NXG55AA0108190743B7600
Offsite,,Chromebook,Acer,C738T,NXG55AA0108190743C7600
Offsite,,Chromebook,Acer,C738T,NXG55AA0108190743D7600
Offsite,,Chromebook,Acer,C738T,NXG55AA0108190743E7600
Offsite,,Chromebook,Acer,C738T,NXG55AA010819074407600
Offsite,,Chromebook,Acer,C738T,NXG55AA010819074417600
Offsite,,Chromebook,Acer,C738T,NXG55AA010819074427600
Offsite,,Chromebook,Acer,C738T,NXG55AA010819074437600
Offsite,,Chromebook,Acer,C738T,NXG55AA010819074477600
Offsite,,Chromebook,Acer,C738T,NXG55AA010819074497600
Offsite,,Chromebook,Acer,C738T,NXG55AA0108190744B7600
Offsite,,Chromebook,Acer,C738T,NXG55AA0108190744D7600
Offsite,,Chromebook,Acer,C738T,NXG55AA0108190744E7600
Offsite,,Chromebook,Acer,C738T,NXG55AA0108190744F7600
Offsite,,Chromebook,Acer,C738T,NXG55AA010819074517600
Offsite,,Chromebook,Acer,C738T,NXG55AA010819074527600
Offsite,,Chromebook,Acer,C738T,NXG55AA010819074557600
Offsite,,Chromebook,Acer,C738T,NXG55AA010819074577600
Offsite,,Chromebook,Acer,C738T,NXG55AA0108190745B7600
Offsite,,Chromebook,Acer,C738T,NXG55AA0108190745D7600
Offsite,,Chromebook,Acer,C738T,NXG55AA0108190745E7600
Offsite,,Chromebook,Acer,C738T,NXG55AA010819074627600
Offsite,,Chromebook,Acer,C738T,NXG55AA010819074637600
Offsite,,Chromebook,Acer,C738T,NXG55AA010819074647600
Offsite,,Chromebook,Acer,C738T,NXG55AA0108190746B7600
Offsite,,Chromebook,Acer,C738T,NXG55AA0108190747D7600
Offsite,,Chromebook,Acer,C738T,NXG55AA010819074A17600
Offsite,,Chromebook,Acer,C738T,NXG55AA0108190757C7600
Offsite,,Chromebook,Acer,C738T,NXG55AA010819075B47600
Offsite,,Chromebook,Acer,C738T,NXG55AA010819075C47600
Offsite,,Chromebook,Acer,C738T,NXG55AA010819075D97600
Offsite,,Chromebook,Acer,C738T,NXG55AA010819075E87600
Offsite,,Chromebook,Acer,C738T,NXG55AA010819076007600
Offsite,,Chromebook,Acer,C738T,NXG55AA010819076047600
Offsite,,Chromebook,Acer,C738T,NXG55AA010819076087600
Offsite,,Chromebook,Acer,C738T,NXG55AA010819076337600
Offsite,,Chromebook,Acer,C738T,NXG55AA0108190765E7600
Offsite,,Chromebook,Acer,C738T,NXG55AA0108190767D7600
Offsite,,Chromebook,Acer,C738T,NXG55AA010819076B27600
Offsite,,Chromebook,Acer,C738T,NXG55AA010819076B47600
Offsite,,Chromebook,Acer,C738T,NXG55AA010819076B67600
Offsite,,Chromebook,Acer,C738T,NXG55AA010819076C47600
Offsite,,Chromebook,Acer,C738T,NXG55AA010819076EB7600
Offsite,,Chromebook,Acer,C738T,NXG55AA010819076F37600
Offsite,,Chromebook,Acer,C738T,NXG55AA010819076F67600
Offsite,,Chromebook,Acer,C738T,NXG55AA010819076FD7600
Offsite,,Chromebook,Acer,C738T,NXG55AA010819076FE7600
Offsite,,Chromebook,Acer,C738T,NXG55AA010819076FF7600
Offsite,,Chromebook,Acer,C738T,NXG55AA010819077007600
Offsite,,Chromebook,Acer,C738T,NXG55AA010819077017600
Offsite,,Chromebook,Acer,C738T,NXG55AA010819077027600
Offsite,,Chromebook,Acer,C738T,NXG55AA010819077037600
Offsite,,Chromebook,Acer,C738T,NXG55AA010819077047600
Offsite,,Chromebook,Acer,C738T,NXG55AA010819077057600
Offsite,,Chromebook,Acer,C738T,NXG55AA010819077087600
Offsite,,Chromebook,Acer,C738T,NXG55AA010819077097600
Offsite,,Chromebook,Acer,C738T,NXG55AA0108190770A7600
Offsite,,Chromebook,Acer,C738T,NXG55AA0108190770D7600
Offsite,,Chromebook,Acer,C738T,NXG55AA0108190770E7600
Offsite,,Chromebook,Acer,C738T,NXG55AA0108190770F7600
Offsite,,Chromebook,Acer,C738T,NXG55AA010819077107600
Offsite,,Chromebook,Acer,C738T,NXG55AA010819077127600
Offsite,,Chromebook,Acer,C738T,NXG55AA010819077137600
Offsite,,Chromebook,Acer,C738T,NXG55AA010819077147600
Offsite,,Chromebook,Acer,C738T,NXG55AA010819077177600
Offsite,,Chromebook,Acer,C738T,NXG55AA010819077197600
Offsite,,Chromebook,Acer,C738T,NXG55AA0108190771A7600
Offsite,,Chromebook,Acer,C738T,NXG55AA010819077247600
Offsite,,Chromebook,Acer,C738T,NXG55AA010819077257600
Offsite,,Chromebook,Acer,C738T,NXG55AA010819077267600
Offsite,,Chromebook,Acer,C738T,NXG55AA010819077277600
Offsite,,Chromebook,Acer,C738T,NXG55AA010819077287600
Offsite,,Chromebook,Acer,C738T,NXG55AA010819077297600
Offsite,,Chromebook,Acer,C738T,NXG55AA0108190772A7600
Offsite,,Chromebook,Acer,C738T,NXG55AA0108190772B7600
Offsite,,Chromebook,Acer,C738T,NXG55AA0108190772D7600
Offsite,,Chromebook,Acer,C738T,NXG55AA0108190772E7600
Offsite,,Chromebook,Acer,C738T,NXG55AA0108190772F7600
Offsite,,Chromebook,Acer,C738T,NXG55AA010819077307600
Offsite,,Chromebook,Acer,C738T,NXG55AA010819077317600
Offsite,,Chromebook,Acer,C738T,NXG55AA010819077327600
Offsite,,Chromebook,Acer,C738T,NXG55AA010819077347600
Offsite,,Chromebook,Acer,C738T,NXG55AA010819077357600
Offsite,,Chromebook,Acer,C738T,NXG55AA010819077387600
Offsite,,Chromebook,Acer,C738T,NXG55AA0108190773A7600
Offsite,,Chromebook,Acer,C738T,NXG55AA0108190773D7600
Offsite,,Chromebook,Acer,C738T,NXG55AA010819077407600
Offsite,,Chromebook,Acer,C738T,NXG55AA010819077447600
Offsite,,Chromebook,Acer,C738T,NXG55AA010819077457600
Offsite,,Chromebook,Acer,C738T,NXG55AA0108190774B7600
Offsite,,Chromebook,Acer,C738T,NXG55AA0108190774C7600
Offsite,,Chromebook,Acer,C738T,NXG55AA0108190774D7600
Offsite,,Chromebook,Acer,C738T,NXG55AA0108190774E7600
Offsite,,Chromebook,Acer,C738T,NXG55AA010819077537600
Offsite,,Chromebook,Acer,C738T,NXG55AA0108190775A7600
Offsite,,Chromebook,Acer,C738T,NXG55AA010819077697600
Offsite,,Chromebook,Acer,C738T,NXG55AA0108190776D7600
Offsite,,Chromebook,Acer,C738T,NXG55AA010819077787600
Offsite,,Chromebook,Acer,C738T,NXG55AA0108190777D7600
Offsite,,Chromebook,Acer,C738T,NXG55AA010819077807600
Offsite,,Chromebook,Acer,C738T,NXG55AA0108190778A7600
Offsite,,Chromebook,Acer,C738T,NXG55AA0108190778C7600
Offsite,,Chromebook,Acer,C738T,NXG55AA0108190779F7600
Offsite,,Chromebook,Acer,C738T,NXG55AA010819077A47600
Offsite,,Chromebook,Acer,C738T,NXG55AA010819077A97600
Offsite,,Chromebook,Acer,C738T,NXG55AA010819077AC7600
Offsite,,Chromebook,Acer,C738T,NXG55AA010819077B37600
Offsite,,Chromebook,Acer,C738T,NXG55AA010819077C07600
Offsite,,Chromebook,Acer,C738T,NXG55AA010819077CB7600
Offsite,,Chromebook,Acer,C738T,NXG55AA010819077CC7600
Offsite,,Chromebook,Acer,C738T,NXG55AA010819077D37600
Offsite,,Chromebook,Acer,C738T,NXG55AA010819077D47600
Offsite,,Chromebook,Acer,C738T,NXG55AA010819077D57600
Offsite,,Chromebook,Acer,C738T,NXG55AA010819077DA7600
Offsite,,Chromebook,Acer,C738T,NXG55AA010819077DB7600
Offsite,,Chromebook,Acer,C738T,NXG55AA010819077DC7600
Offsite,,Chromebook,Acer,C738T,NXG55AA010819077DD7600
Offsite,,Chromebook,Acer,C738T,NXG55AA010819077DE7600
Offsite,,Chromebook,Acer,C738T,NXG55AA010819077DF7600
Offsite,,Chromebook,Acer,C738T,NXG55AA010819077E07600
Offsite,,Chromebook,Acer,C738T,NXG55AA010819077E57600
Offsite,,Chromebook,Acer,C738T,NXG55AA010819077E97600
Offsite,,Chromebook,Acer,C738T,NXG55AA010819077EA7600
Offsite,,Chromebook,Acer,C738T,NXG55AA010819077EB7600
Offsite,,Chromebook,Acer,C738T,NXG55AA010819077EE7600
Offsite,,Chromebook,Acer,C738T,NXG55AA010819077EF7600
Offsite,,Chromebook,Acer,C738T,NXG55AA010819077F07600
Offsite,,Chromebook,Acer,C738T,NXG55AA010819077F27600
Offsite,,Chromebook,Acer,C738T,NXG55AA010819077F37600
Offsite,,Chromebook,Acer,C738T,NXG55AA010819077F47600
Offsite,,Chromebook,Acer,C738T,NXG55AA010819077F57600
Offsite,,Chromebook,Acer,C738T,NXG55AA010819077F77600
Offsite,,Chromebook,Acer,C738T,NXG55AA010819077F97600
Offsite,,Chromebook,Acer,C738T,NXG55AA010819077FA7600
Offsite,,Chromebook,Acer,C738T,NXG55AA010819077FD7600
Offsite,,Chromebook,Acer,C738T,NXG55AA010819077FE7600
Offsite,,Chromebook,Acer,C738T,NXG55AA010819078007600
Offsite,,Chromebook,Acer,C738T,NXG55AA010819078017600
Offsite,,Chromebook,Acer,C738T,NXG55AA010819078047600
Offsite,,Chromebook,Acer,C738T,NXG55AA010819078067600
Offsite,,Chromebook,Acer,C738T,NXG55AA010819078077600
Offsite,,Chromebook,Acer,C738T,NXG55AA010819078097600
Offsite,,Chromebook,Acer,C738T,NXG55AA0108190780A7600
Offsite,,Chromebook,Acer,C738T,NXG55AA0108190780B7600
Offsite,,Chromebook,Acer,C738T,NXG55AA0108190780D7600
Offsite,,Chromebook,Acer,C738T,NXG55AA0108190780E7600
Offsite,,Chromebook,Acer,C738T,NXG55AA0108190780F7600
Offsite,,Chromebook,Acer,C738T,NXG55AA010819078107600
Offsite,,Chromebook,Acer,C738T,NXG55AA010819078117600
Offsite,,Chromebook,Acer,C738T,NXG55AA010819078127600
Offsite,,Chromebook,Acer,C738T,NXG55AA010819078137600
Offsite,,Chromebook,Acer,C738T,NXG55AA010819078147600
Offsite,,Chromebook,Acer,C738T,NXG55AA010819078157600
Offsite,,Chromebook,Acer,C738T,NXG55AA010819078167600
Offsite,,Chromebook,Acer,C738T,NXG55AA010819078177600
Offsite,,Chromebook,Acer,C738T,NXG55AA010819078187600
Offsite,,Chromebook,Acer,C738T,NXG55AA010819078197600
Offsite,,Chromebook,Acer,C738T,NXG55AA0108190781A7600
Offsite,,Chromebook,Acer,C738T,NXG55AA0108190781B7600
Offsite,,Chromebook,Acer,C738T,NXG55AA0108190781C7600
Offsite,,Chromebook,Acer,C738T,NXG55AA0108190781D7600
Offsite,,Chromebook,Acer,C738T,NXG55AA0108190781F7600
Offsite,,Chromebook,Acer,C738T,NXG55AA010819078207600
Offsite,,Chromebook,Acer,C738T,NXG55AA010819078237600
Offsite,,Chromebook,Acer,C738T,NXG55AA010819078247600
Offsite,,Chromebook,Acer,C738T,NXG55AA010819078267600
Offsite,,Chromebook,Acer,C738T,NXG55AA010819078277600
Offsite,,Chromebook,Acer,C738T,NXG55AA010819078287600
Offsite,,Chromebook,Acer,C738T,NXG55AA010819078297600
Offsite,,Chromebook,Acer,C738T,NXG55AA0108190782A7600
Offsite,,Chromebook,Acer,C738T,NXG55AA0108190782B7600
Offsite,,Chromebook,Acer,C738T,NXG55AA0108190782C7600
Offsite,,Chromebook,Acer,C738T,NXG55AA0108190782D7600
Offsite,,Chromebook,Acer,C738T,NXG55AA0108190782E7600
Offsite,,Chromebook,Acer,C738T,NXG55AA0108190782F7600
Offsite,,Chromebook,Acer,C738T,NXG55AA010819078307600
Offsite,,Chromebook,Acer,C738T,NXG55AA010819078317600
Offsite,,Chromebook,Acer,C738T,NXG55AA010819078327600
Offsite,,Chromebook,Acer,C738T,NXG55AA010819078337600
Offsite,,Chromebook,Acer,C738T,NXG55AA010819078347600
Offsite,,Chromebook,Acer,C738T,NXG55AA010819078387600
Offsite,,Chromebook,Acer,C738T,NXG55AA010819078397600
Offsite,,Chromebook,Acer,C738T,NXG55AA0108190783B7600
Offsite,,Chromebook,Acer,C738T,NXG55AA0108190783C7600
Offsite,,Chromebook,Acer,C738T,NXG55AA010819078407600
Offsite,,Chromebook,Acer,C738T,NXG55AA010819078437600
Offsite,,Chromebook,Acer,C738T,NXG55AA010819078447600
Offsite,,Chromebook,Acer,C738T,NXG55AA010819078457600
Offsite,,Chromebook,Acer,C738T,NXG55AA010819078467600
Offsite,,Chromebook,Acer,C738T,NXG55AA010819078477600
Offsite,,Chromebook,Acer,C738T,NXG55AA010819078487600
Offsite,,Chromebook,Acer,C738T,NXG55AA010819078497600
Offsite,,Chromebook,Acer,C738T,NXG55AA0108190784A7600
Offsite,,Chromebook,Acer,C738T,NXG55AA0108190784E7600
Offsite,,Chromebook,Acer,C738T,NXG55AA0108190784F7600
Offsite,,Chromebook,Acer,C738T,NXG55AA010819078507600
Offsite,,Chromebook,Acer,C738T,NXG55AA010819078537600
Offsite,,Chromebook,Acer,C738T,NXG55AA010819078567600
Offsite,,Chromebook,Acer,C738T,NXG55AA010819078597600
Offsite,,Chromebook,Acer,C738T,NXG55AA0108190785A7600
Offsite,,Chromebook,Acer,C738T,NXG55AA0108190785B7600
Offsite,,Chromebook,Acer,C738T,NXG55AA0108190785F7600
Offsite,,Chromebook,Acer,C738T,NXG55AA010819078607600
Offsite,,Chromebook,Acer,C738T,NXG55AA010819078627600
Offsite,,Chromebook,Acer,C738T,NXG55AA010819078647600
Offsite,,Chromebook,Acer,C738T,NXG55AA010819078657600
Offsite,,Chromebook,Acer,C738T,NXG55AA010819078667600
Offsite,,Chromebook,Acer,C738T,NXG55AA010819078697600
Offsite,,Chromebook,Acer,C738T,NXG55AA0108190786B7600
Offsite,,Chromebook,Acer,C738T,NXG55AA0108190786D7600
Offsite,,Chromebook,Acer,C738T,NXG55AA0108190786E7600
Offsite,,Chromebook,Acer,C738T,NXG55AA010819078767600
Offsite,,Chromebook,Acer,C738T,NXG55AA010819078787600
Offsite,,Chromebook,Acer,C738T,NXG55AA010819078917600
Offsite,,Chromebook,Acer,C738T,NXG55AA010819078BF7600
Offsite,,Chromebook,Acer,C738T,NXG55AA010819078C77600
Offsite,,Chromebook,Acer,C738T,NXG55AA010819078D77600
Offsite,,Chromebook,Acer,C738T,NXG55AA010819079057600
Offsite,,Chromebook,Acer,C738T,NXG55AA010819079DB7600
Offsite,,Chromebook,Acer,C738T,NXG55AA010819079EE7600
Offsite,,Chromebook,Acer,C738T,NXG55AA01081907A127600
Offsite,,Chromebook,Acer,C738T,NXG55AA01081907A137600
Offsite,,Chromebook,Acer,C738T,NXG55AA01081907A2F7600
Offsite,,Chromebook,Acer,C738T,NXG55AA01081907AD67600
Offsite,,Chromebook,Acer,C738T,NXG55AA0108191D5017600
Offsite,,Chromebook,Acer,C738T,NXG55AA010820016937600
Offsite,,Chromebook,Acer,C738T,NXG55AA010820016BE7600
Offsite,,Chromebook,Acer,C738T,NXG55AA010820016E87600
Offsite,,Chromebook,Acer,C738T,NXG55AA010820017107600
Offsite,,Chromebook,Acer,C738T,NXG55AA010820017187600
Offsite,,Chromebook,Acer,C738T,NXG55AA010820017217600
Offsite,,Chromebook,Acer,C738T,NXG55AA010820017367600
Offsite,,Chromebook,Acer,C738T,NXG55AA0108200173F7600
Offsite,,Chromebook,Acer,C738T,NXG55AA0108200175B7600
Offsite,,Chromebook,Acer,C738T,NXG55AA010820017677600
Offsite,,Chromebook,Acer,C738T,NXG55AA010820017827600
Offsite,,Chromebook,Acer,C738T,NXG55AA0108241250B7600
Offsite,,Chromebook,Acer,C738T,NXG55AA0108241770B7600
Offsite,,Chromebook,Acer,C738T,NXG55AA010825121857600
Offsite,,Chromebook,Acer,C738T,NXG55AA0117080C2227600
Offsite,,Chromebook,Acer,C738T,NXG55AA0117101085A7600
Offsite,,Chromebook,Acer,C738T,NXG55AA011710108867600
Offsite,,Chromebook,Acer,C738T,NXG55AA0117101089C7600
Offsite,,Chromebook,Acer,C738T,NXG55AA0117101089D7600
Offsite,,Chromebook,Acer,C738T,NXG55AA011710108A67600
Offsite,,Chromebook,Acer,C738T,NXG55AA011710108A77600
Offsite,,Chromebook,Acer,C738T,NXG55AA011710108AD7600
Offsite,,Chromebook,Acer,C738T,NXG55AA01171010A157600
Offsite,,Chromebook,Acer,C738T,NXG55AA01171010AC07600
Offsite,,Chromebook,Acer,C738T,NXG55AA01171010B5F7600
Offsite,,Chromebook,Acer,C738T,NXG55AA01171010B677600
Offsite,,Chromebook,Acer,C738T,NXG55AA01171010C4D7600
Offsite,,Chromebook,Acer,C738T,NXG55AA01171010C577600
Offsite,,Chromebook,Acer,C738T,NXG55AA01171010C587600
Offsite,,Chromebook,Acer,C738T,NXG55AA0117101F6E47600
Offsite,,Chromebook,Acer,C738T,NXG55AA0117101F99E7600
Offsite,,Chromebook,Acer,C738T,NXG55AA011711172027600
Offsite,,Chromebook,Acer,C738T,NXG55AA011711172B97600
Offsite,,Chromebook,Acer,C738T,NXG55AA011711172EB7600
Offsite,,Chromebook,Acer,C738T,NXG55AA011711172FF7600
Offsite,,Chromebook,Acer,C738T,NXG55AA0117111730A7600
Offsite,,Chromebook,Acer,C738T,NXG55AA0117111730D7600
Offsite,,Chromebook,Acer,C738T,NXG55AA011711173117600
Offsite,,Chromebook,Acer,C738T,NXG55AA011711173187600
Offsite,,Chromebook,Acer,C738T,NXG55AA0117111731D7600
Offsite,,Chromebook,Acer,C738T,NXG55AA011711173267600
Offsite,,Chromebook,Acer,C738T,NXG55AA011711173347600
Offsite,,Chromebook,Acer,C738T,NXG55AA0117111733B7600
Offsite,,Chromebook,Acer,C738T,NXG55AA0117111733C7600
Offsite,,Chromebook,Acer,C738T,NXG55AA011711173497600
Offsite,,Chromebook,Acer,C738T,NXG55AA0117111734B7600
Offsite,,Chromebook,Acer,C738T,NXG55AA0117111734F7600
Offsite,,Chromebook,Acer,C738T,NXG55AA011711173547600
Offsite,,Chromebook,Acer,C738T,NXG55AA0117111735B7600
Offsite,,Chromebook,Acer,C738T,NXG55AA0117111735F7600
Offsite,,Chromebook,Acer,C738T,NXG55AA011711173617600
Offsite,,Chromebook,Acer,C738T,NXG55AA011711173627600
Offsite,,Chromebook,Acer,C738T,NXG55AA011711173637600
Offsite,,Chromebook,Acer,C738T,NXG55AA011711173687600
Offsite,,Chromebook,Acer,C738T,NXG55AA01171129C577600
Offsite,,Chromebook,Acer,C738T,NXG55AA01171129C597600
Offsite,,Chromebook,Acer,C738T,NXG55AA01171129C5A7600
Offsite,,Chromebook,Acer,C738T,NXG55AA01171129C617600
Offsite,,Chromebook,Acer,C738T,NXG55AA01171129C627600
Offsite,,Chromebook,Acer,C738T,NXG55AA01171129C657600
Offsite,,Chromebook,Acer,C738T,NXG55AA01171129C667600
Offsite,,Chromebook,Acer,C738T,NXG55AA01171129C677600
Offsite,,Chromebook,Acer,C738T,NXG55AA01171129C687600
Offsite,,Chromebook,Acer,C738T,NXG55AA01171129C6F7600
Offsite,,Chromebook,Acer,C738T,NXG55AA01171129C707600
Offsite,,Chromebook,Acer,C738T,NXG55AA01171129C717600
Offsite,,Chromebook,Acer,C738T,NXG55AA01171129C747600
Offsite,,Chromebook,Acer,C738T,NXG55AA01171129C7B7600
Offsite,,Chromebook,Acer,C738T,NXG55AA01171129C7C7600
Offsite,,Chromebook,Acer,C738T,NXG55AA01171129C7D7600
Offsite,,Chromebook,Acer,C738T,NXG55AA01171129C847600
Offsite,,Chromebook,Acer,C738T,NXG55AA01171129C877600
Offsite,,Chromebook,Acer,C738T,NXG55AA01171129C897600
Offsite,,Chromebook,Acer,C738T,NXG55AA01171129C8C7600
Offsite,,Chromebook,Acer,C738T,NXG55AA01171129C8D7600
Offsite,,Chromebook,Acer,C738T,NXG55AA01171129C9D7600
Offsite,,Chromebook,Acer,C738T,NXG55AA01171129CA07600
Offsite,,Chromebook,Acer,C738T,NXG55AA01171129CA17600
Offsite,,Chromebook,Acer,C738T,NXG55AA01171129CA67600
Offsite,,Chromebook,Acer,C738T,NXG55AA01171129CA77600
Offsite,,Chromebook,Acer,C738T,NXG55AA01171129CB27600
Offsite,,Chromebook,Acer,C738T,NXG55AA01171129CB47600
Offsite,,Chromebook,Acer,C738T,NXG55AA01171129CBC7600
Offsite,,Chromebook,Acer,C738T,NXG55AA01171129CBE7600
Offsite,,Chromebook,Acer,C738T,NXG55AA01171129CC57600
Offsite,,Chromebook,Acer,C738T,NXG55AA01171129CC87600
Offsite,,Chromebook,Acer,C738T,NXG55AA01171129CCA7600
Offsite,,Chromebook,Acer,C738T,NXG55AA01171129CD27600
Offsite,,Chromebook,Acer,C738T,NXG55AA01171129CD57600
Offsite,,Chromebook,Acer,C738T,NXG55AA01171129CD67600
Offsite,,Chromebook,Acer,C738T,NXG55AA01171129CD87600
Offsite,,Chromebook,Acer,C738T,NXG55AA01171129CE77600
Offsite,,Chromebook,Acer,C738T,NXG55AA01171129CF77600
Offsite,,Chromebook,Acer,C738T,NXG55AA01171212A317600
Offsite,,Chromebook,Acer,C738T,NXG55AA011714100187600
Offsite,,Chromebook,Acer,C738T,NXG55AA011714147887600
Offsite,,Chromebook,Acer,C738T,NXG55AA011714147DB7600
Offsite,,Chromebook,Acer,C738T,NXG55AA011714148087600
Offsite,,Chromebook,Acer,C738T,NXG55AA011714148187600
Offsite,,Chromebook,Acer,C738T,NXG55AA011714148277600
Offsite,,Chromebook,Acer,C738T,NXG55AA0117141482C7600
Offsite,,Chromebook,Acer,C738T,NXG55AA011714148347600
Offsite,,Chromebook,Acer,C738T,NXG55AA011714148387600
Offsite,,Chromebook,Acer,C738T,NXG55AA0117141483B7600
Offsite,,Chromebook,Acer,C738T,NXG55AA0117141483F7600
Offsite,,Chromebook,Acer,C738T,NXG55AA011714148437600
Offsite,,Chromebook,Acer,C738T,NXG55AA011714148447600
Offsite,,Chromebook,Acer,C738T,NXG55AA011714148587600
Offsite,,Chromebook,Acer,C738T,NXG55AA011714148597600
Offsite,,Chromebook,Acer,C738T,NXG55AA0117141485B7600
Offsite,,Chromebook,Acer,C738T,NXG55AA0117141485C7600
Offsite,,Chromebook,Acer,C738T,NXG55AA011714148607600
Offsite,,Chromebook,Acer,C738T,NXG55AA011714148627600
Offsite,,Chromebook,Acer,C738T,NXG55AA011714148637600
Offsite,,Chromebook,Acer,C738T,NXG55AA011714148657600
Offsite,,Chromebook,Acer,C738T,NXG55AA011714148687600
Offsite,,Chromebook,Acer,C738T,NXG55AA0117141486B7600
Offsite,,Chromebook,Acer,C738T,NXG55AA0117141486C7600
Offsite,,Chromebook,Acer,C738T,NXG55AA0117141486D7600
Offsite,,Chromebook,Acer,C738T,NXG55AA0117141486E7600
Offsite,,Chromebook,Acer,C738T,NXG55AA011714148707600
Offsite,,Chromebook,Acer,C738T,NXG55AA011714148717600
Offsite,,Chromebook,Acer,C738T,NXG55AA011714148727600
Offsite,,Chromebook,Acer,C738T,NXG55AA011714148747600
Offsite,,Chromebook,Acer,C738T,NXG55AA011714148757600
Offsite,,Chromebook,Acer,C738T,NXG55AA011714148787600
Offsite,,Chromebook,Acer,C738T,NXG55AA011714148797600
Offsite,,Chromebook,Acer,C738T,NXG55AA0117141487A7600
Offsite,,Chromebook,Acer,C738T,NXG55AA011714148867600
Offsite,,Chromebook,Acer,C738T,NXG55AA011714148877600
Offsite,,Chromebook,Acer,C738T,NXG55AA011714148897600
Offsite,,Chromebook,Acer,C738T,NXG55AA0117141488B7600
Offsite,,Chromebook,Acer,C738T,NXG55AA011714148917600
Offsite,,Chromebook,Acer,C738T,NXG55AA011714148937600
Offsite,,Chromebook,Acer,C738T,NXG55AA011714148977600
Offsite,,Chromebook,Acer,C738T,NXG55AA0117141489A7600
Offsite,,Chromebook,Acer,C738T,NXG55AA0117141489C7600
Offsite,,Chromebook,Acer,C738T,NXG55AA0117141489F7600
Offsite,,Chromebook,Acer,C738T,NXG55AA011714148AA7600
Offsite,,Chromebook,Acer,C738T,NXG55AA011714148AE7600
Offsite,,Chromebook,Acer,C738T,NXG55AA01171414C577600
Offsite,,Chromebook,Acer,C738T,NXG55AA01171414CB17600
Offsite,,Chromebook,Acer,C738T,NXG55AA01171414CB97600
Offsite,,Chromebook,Acer,C738T,NXG55AA01171414CBA7600
Offsite,,Chromebook,Acer,C738T,NXG55AA01171415AE27600
Offsite,,Chromebook,Acer,C738T,NXG55AA01171501EFB7600
Offsite,,Chromebook,Acer,C738T,NXG55AA01171519BB77600
Offsite,,Chromebook,Acer,C738T,NXG55AA01171519D727600
Offsite,,Chromebook,Acer,C738T,NXG55AA0117151CBB17600
Offsite,,Chromebook,Acer,C738T,NXG55AA0117151CD057600
Offsite,,Chromebook,Acer,C738T,NXG55AA0117151CD067600
Offsite,,Chromebook,Acer,C738T,NXG55AA0117151CD077600
Offsite,,Chromebook,Acer,C738T,NXG55AA0117151CD087600
Offsite,,Chromebook,Acer,C738T,NXG55AA0117151CD0E7600
Offsite,,Chromebook,Acer,C738T,NXG55AA0117151CE147600
Offsite,,Chromebook,Acer,C738T,NXG55AA0117151CE277600
Offsite,,Chromebook,Acer,C738T,NXG55AA0117151CE367600
Offsite,,Chromebook,Acer,C738T,NXG55AA0117151CE387600
Offsite,,Chromebook,Acer,C738T,NXG55AA0117151CE3B7600
Offsite,,Chromebook,Acer,C738T,NXG55AA0117151CE437600
Offsite,,Chromebook,Acer,C738T,NXG55AA0117151CE447600
Offsite,,Chromebook,Acer,C738T,NXG55AA0117151CE467600
Offsite,,Chromebook,Acer,C738T,NXG55AA0117151CE477600
Offsite,,Chromebook,Acer,C738T,NXG55AA0117151CE4F7600
Offsite,,Chromebook,Acer,C738T,NXG55AA0117151CE557600
Offsite,,Chromebook,Acer,C738T,NXG55AA0117151CE5C7600
Offsite,,Chromebook,Acer,C738T,NXG55AA0117151CE5E7600
Offsite,,Chromebook,Acer,C738T,NXG55AA0117151CE637600
Offsite,,Chromebook,Acer,C738T,NXG55AA0117151CE647600
Offsite,,Chromebook,Acer,C738T,NXG55AA0117151CE697600
Offsite,,Chromebook,Acer,C738T,NXG55AA0117151CE6B7600
Offsite,,Chromebook,Acer,C738T,NXG55AA0117151CE6D7600
Offsite,,Chromebook,Acer,C738T,NXG55AA0117151CE707600
Offsite,,Chromebook,Acer,C738T,NXG55AA0117151CE757600
Offsite,,Chromebook,Acer,C738T,NXG55AA0117151CE767600
Offsite,,Chromebook,Acer,C738T,NXG55AA0117151CE7A7600
Offsite,,Chromebook,Acer,C738T,NXG55AA0117151CE7C7600
Offsite,,Chromebook,Acer,C738T,NXG55AA0117151F57A7600
Offsite,,Chromebook,Acer,C738T,NXG55AA0117151F5BB7600
Offsite,,Chromebook,Acer,C738T,NXG55AA0117151F5EC7600
Offsite,,Chromebook,Acer,C738T,NXG55AA0117151F6407600
Offsite,,Chromebook,Acer,C738T,NXG55AA0117151F6417600
Offsite,,Chromebook,Acer,C738T,NXG55AA0117151F6477600
Offsite,,Chromebook,Acer,C738T,NXG55AA0117151F6527600
Offsite,,Chromebook,Acer,C738T,NXG55AA0117151F6667600
Offsite,,Chromebook,Acer,C738T,NXG55AA0117151F66A7600
Offsite,,Chromebook,Acer,C738T,NXG55AA0117151F6997600
Offsite,,Chromebook,Acer,C738T,NXG55AA01171520E307600
Offsite,,Chromebook,Acer,C738T,NXG55AA0117161830B7600
Offsite,,Chromebook,Acer,C738T,NXG55AA011716184357600
Offsite,,Chromebook,Acer,C738T,NXG55AA0117161843C7600
Offsite,,Chromebook,Acer,C738T,NXG55AA01171619E807600
Offsite,,Chromebook,Acer,C738T,NXG55AA0117161BA197600
Offsite,,Chromebook,Acer,C738T,NXG55AA0117161EC877600
Offsite,,Chromebook,Acer,C738T,NXG55AA0117170504A7600
Offsite,,Chromebook,Acer,C738T,NXG55AA0117170E1E07600
Offsite,,Chromebook,Acer,312T,NXGL4AA00203901DC17611
Offsite,,Chromebook,Acer,312T,NXGL4AA00203901DEE7611
Offsite,,Chromebook,Acer,312T,NXGL4AA00203901E137611
Offsite,,Chromebook,Acer,312T,NXGL4AA00203901E387611
Offsite,,Chromebook,Acer,312T,NXGL4AA00203901E3A7611
Offsite,,Chromebook,Acer,312T,NXGL4AA00203901E617611
Offsite,,Chromebook,Acer,312T,NXGL4AA00203901E9C7611
Offsite,,Chromebook,Acer,312T,NXGL4AA00203901E9E7611
Offsite,,Chromebook,Acer,312T,NXGL4AA00203901E9F7611
Offsite,,Chromebook,Acer,312T,NXGL4AA00203901EA37611
Offsite,,Chromebook,Acer,312T,NXGL4AA00203901EA77611
Offsite,,Chromebook,Acer,312T,NXGL4AA00203901EA87611
Offsite,,Chromebook,Acer,312T,NXGL4AA00203901ECE7611
Offsite,,Chromebook,Acer,312T,NXGL4AA00203901F017611
Offsite,,Chromebook,Acer,312T,NXGL4AA00203901F0E7611
Offsite,,Chromebook,Acer,312T,NXGL4AA00203901F4A7611
Offsite,,Chromebook,Acer,312T,NXGL4AA00203901F4B7611
Offsite,,Chromebook,Acer,312T,NXGL4AA00203901F547611
Offsite,,Chromebook,Acer,312T,NXGL4AA00203901F5C7611
Offsite,,Chromebook,Acer,312T,NXGL4AA00203901F6F7611
Offsite,,Chromebook,Acer,312T,NXGL4AA00203901F757611
Offsite,,Chromebook,Acer,312T,NXGL4AA00203901F7D7611
Offsite,,Chromebook,Acer,312T,NXGL4AA00203901F917611
Offsite,,Chromebook,Acer,312T,NXGL4AA00203901F957611
Offsite,,Chromebook,Acer,312T,NXGL4AA00203901FAB7611
Offsite,,Chromebook,Acer,312T,NXGL4AA0108160C57E7600
Offsite,,Chromebook,Acer,712,NXHQEAA00103325E6D7600
Offsite,,Chromebook,Acer,712,NXHQEAA00103325EC37600
Offsite,,Chromebook,Acer,712,NXHQEAA00103325EC67600
Offsite,,Chromebook,Acer,712,NXHQEAA00103325ECD7600
Offsite,,Chromebook,Acer,712,NXHQEAA00103325ED77600
Offsite,,Chromebook,Acer,712,NXHQEAA00103325EF47600
Offsite,,Chromebook,Acer,712,NXHQEAA00103511D947600
Offsite,,Chromebook,Acer,712,NXHQEAA00103511DA37600
,,,,,
,,,,,DCSS - Teachers - MS
Offsite,,Chromebook,Acer,312T,NXGL4AA0107280C7B17600
Offsite,,Chromebook,Acer,312T,NXGL4AA01071307EED7600
Offsite,,Chromebook,Acer,312T,NXGL4AA010713000317600
Offsite,,Chromebook,Acer,312T,NXGL4AA0107280C7317600
Offsite,,Chromebook,Acer,312T,NXGL4AA0107280C73A7600
Offsite,,Chromebook,Acer,312T,NXGL4AA0107280C6E87600
Offsite,,Chromebook,Acer,312T,NXGL4AA0107280C6A87600
Offsite,,Chromebook,Acer,312T,NXGL4AA0107280C7C77600
Offsite,,Chromebook,Acer,312T,NXGL4AA0107280C7587600
Offsite,,Chromebook,Acer,312T,NXGL4AA0107280C75C7600
Offsite,,Chromebook,Acer,312T,NXGL4AA0107280C6BA7600
Offsite,,Chromebook,Acer,312T,NXGL4AA010713000587600
Offsite,,Chromebook,Acer,312T,NXGL4AA01071223B5A7600
Offsite,,Chromebook,Acer,312T,NXGL4AA01071307F287600
Offsite,,Chromebook,Acer,312T,NXGL4AA01071307D7E7600
Offsite,,Chromebook,Acer,312T,NXGL4AA01071223E8C7600
Offsite,,Chromebook,Acer,312T,NXGL4AA0107280C6F47600
Offsite,,Chromebook,Acer,312T,NXGL4AA0107280C7857600
Offsite,,Chromebook,Acer,312T,NXGL4AA0107280C7CC7600
Offsite,,Chromebook,Acer,312T,NXGL4AA0107130005D7600
Offsite,,Chromebook,Acer,312T,NXGL4AA0107280C69B7600
Offsite,,Chromebook,Acer,312T,NXGL4AA0107280C6AE7600
Offsite,,Chromebook,Acer,312T,NXGL4AA0107280C9437600
Offsite,,Chromebook,Acer,312T,NXGL4AA01071223FD57600
Offsite,,Chromebook,Acer,312T,NXGL4AA0107280C7467600
Offsite,,Chromebook,Acer,312T,NXGL4AA0107280C7897600
Offsite,,Chromebook,Acer,312T,NXGL4AA0107280C73C7600
Offsite,,Chromebook,Acer,312T,NXGL4AA0107280C7607600
Offsite,,Chromebook,Acer,312T,NXGL4AA0107280C92D7600
Offsite,,Chromebook,Acer,312T,NXGL4AA0107280C6F97600
Offsite,,Chromebook,Acer,312T,NXGL4AA0108120C7D17600
Offsite,,Chromebook,Acer,312T,NXGL4AA0107280C7107600
Offsite,,Chromebook,Acer,312T,NXGL4AA01071223E6F7600
Offsite,,Chromebook,Acer,312T,NXGL4AA010732058AF7600
Offsite,,Chromebook,Acer,312T,NXGL4AA01071307CE07600
Offsite,,Chromebook,Acer,312T,NXGL4AA0107280C7307600
Offsite,,Chromebook,Acer,312T,NXGL4AA0107280C71C7600
Offsite,,Chromebook,Acer,312T,NXGL4AA01071223F8A7600
Offsite,,Chromebook,Acer,312T,NXGL4AA0107280C7617600
Offsite,,Chromebook,Acer,312T,NXGL4AA01071223F9C7600
Offsite,,Chromebook,Acer,312T,NXGL4AA0107280C6E67600
Offsite,,Chromebook,Acer,312T,NXGL4AA0107280C6F37600
Offsite,,Chromebook,Acer,312T,NXGL4AA01071307D9E7600
Offsite,,Chromebook,Acer,312T,NXGL4AA0107280C7597600
Offsite,,Chromebook,Acer,312T,NXGL4AA01071307B8C7600
Offsite,,Chromebook,Acer,312T,NXGL4AA0107280C7D07600
Offsite,,Chromebook,Acer,312T,NXGL4AA01071307F0E7600
Offsite,,Chromebook,Acer,312T,NXGL4AA0107280C6A07600
Offsite,,Chromebook,Acer,312T,NXGL4AA010713000247600
Offsite,,Chromebook,Acer,312T,NXGL4AA0107280C7917600
Offsite,,Chromebook,Acer,312T,NXGL4AA01071223F057600
Offsite,,Chromebook,Acer,312T,NXGL4AA0107280C7847600
Offsite,,Chromebook,Acer,312T,NXGL4AA0107130002A7600
Offsite,,Chromebook,Acer,312T,NXGL4AA0107280C6FE7600
Offsite,,Chromebook,Acer,312T,NXGL4AA0107280C9447600
Offsite,,Chromebook,Acer,312T,NXGL4AA01071223F5B7600
Offsite,,Chromebook,Acer,312T,NXGL4AA01071307C6A7600
Offsite,,Chromebook,Acer,312T,NXGL4AA0107280C71D7600
Offsite,,Chromebook,Acer,312T,NXGL4AA0107280C7D37600
Offsite,,Chromebook,Acer,312T,NXGL4AA0107280C6E77600
Offsite,,Chromebook,Acer,312T,NXGL4AA01071307D717600
Offsite,,Chromebook,Acer,312T,NXGL4AA01071307EFC7600
Offsite,,Chromebook,Acer,312T,NXGL4AA01071307CDE7600
Offsite,,Chromebook,Acer,312T,NXGL4AA01071307CA87600
Offsite,,Chromebook,Acer,312T,NXGL4AA010732058B17600
Offsite,,Chromebook,Acer,312T,NXGL4AA0107280C82B7600
Offsite,,Chromebook,Acer,312T,NXGL4AA0107280C7B67600
Offsite,,Chromebook,Acer,312T,NXGL4AA0107280C74C7600
Offsite,,Chromebook,Acer,312T,NXGL4AA010732059777600
Offsite,,Chromebook,Acer,312T,NXGL4AA0107280C75D7600
Offsite,,Chromebook,Acer,312T,NXGL4AA010713044657600
Offsite,,Chromebook,Acer,312T,NXGL4AA01071223F007600
Offsite,,Chromebook,Acer,312T,NXGL4AA0107280C69F7600
Offsite,,Chromebook,Acer,312T,NXGL4AA0107280C7687600
Offsite,,Chromebook,Acer,312T,NXGL4AA0107280C6F17600
Offsite,,Chromebook,Acer,312T,NXGL4AA0107280C75F7600
Offsite,,Chromebook,Acer,312T,NXGL4AA01071223D7B7600
Offsite,,Chromebook,Acer,312T,NXGL4AA0107280C7287600
Offsite,,Chromebook,Acer,312T,NXGL4AA01071223C347600
Offsite,,Chromebook,Acer,312T,NXGL4AA010713045197600
Offsite,,Chromebook,Acer,312T,NXGL4AA01071223F427600
Offsite,,Chromebook,Acer,312T,NXGL4AA0107280C6A17600
Offsite,,Chromebook,Acer,312T,NXGL4AA0107280C8427600
Offsite,,Chromebook,Acer,312T,NXGL4AA0107280C7227600
Offsite,,Chromebook,Acer,312T,NXGL4AA01071307D8B7600
Offsite,,Chromebook,Acer,312T,NXGL4AA01071307C937600
Offsite,,Chromebook,Acer,312T,NXGL4AA010713000687600
Offsite,,Chromebook,Acer,312T,NXGL4AA01071223DE17600
Offsite,,Chromebook,Acer,312T,NXGL4AA0107280C6FB7600
Offsite,,Chromebook,Acer,312T,NXGL4AA01071223F127600
Offsite,,Chromebook,Acer,312T,NXGL4AA0107280C7CA7600
Offsite,,Chromebook,Acer,312T,NXGL4AA0107280C6AA7600
Offsite,,Chromebook,Acer,312T,NXGL4AA0107280C74E7600
